REGION,TECHNOLOGY,FUEL,MODE_OF_OPERATION,YEAR,VALUE
ISRAEL,PWR_NGCC,NaturalGas,1,2015,1.75
ISRAEL,PWR_NGCC,NaturalGas,1,2016,1.75
ISRAEL,PWR_NGCC,NaturalGas,1,2017,1.75
ISRAEL,PWR_NGCC,NaturalGas,1,2018,1.75
ISRAEL,PWR_NGCC,NaturalGas,1,2019,1.75
ISRAEL,PWR_NGCC,NaturalGas,1,2020,1.75
ISRAEL,PWR_NGCC,NaturalGas,1,2021,1.75
ISRAEL,PWR_NGCC,NaturalGas,1,2022,1.75
ISRAEL,PWR_NGCC,NaturalGas,1,2023,1.75
ISRAEL,PWR_NGCC,NaturalGas,1,2024,1.75
ISRAEL,PWR_NGCC,NaturalGas,1,2025,1.75
ISRAEL,PWR_NGCC,NaturalGas,1,2026,1.75
ISRAEL,PWR_NGCC,NaturalGas,1,2027,1.75
ISRAEL,PWR_NGCC,NaturalGas,1,2028,1.75
ISRAEL,PWR_NGCC,NaturalGas,1,2029,1.75
ISRAEL,PWR_NGCC,NaturalGas,1,2030,1.75
ISRAEL,PWR_NGCC,NaturalGas,1,2031,1.75
ISRAEL,PWR_NGCC,NaturalGas,1,2032,1.75
ISRAEL,PWR_NGCC,NaturalGas,1,2033,1.75
ISRAEL,PWR_NGCC,NaturalGas,1,2034,1.75
ISRAEL,PWR_NGCC,NaturalGas,1,2035,1.75
ISRAEL,PWR_NGCC,NaturalGas,1,2036,1.75
ISRAEL,PWR_NGCC,NaturalGas,1,2037,1.75
ISRAEL,PWR_NGCC,NaturalGas,1,2038,1.75
ISRAEL,PWR_NGCC,NaturalGas,1,2039,1.75
ISRAEL,PWR_NGCC,NaturalGas,1,2040,1.75
ISRAEL,PWR_NGCC,NaturalGas,1,2041,1.75
ISRAEL,PWR_NGCC,NaturalGas,1,2042,1.75
ISRAEL,PWR_NGCC,NaturalGas,1,2043,1.75
ISRAEL,PWR_NGCC,NaturalGas,1,2044,1.75
ISRAEL,PWR_NGCC,NaturalGas,1,2045,1.75
ISRAEL,PWR_NGCC,NaturalGas,1,2046,1.75
ISRAEL,PWR_NGCC,NaturalGas,1,2047,1.75
ISRAEL,PWR_NGCC,NaturalGas,1,2048,1.75
ISRAEL,PWR_NGCC,NaturalGas,1,2049,1.75
ISRAEL,PWR_NGCC,NaturalGas,1,2050,1.75
ISRAEL,PWR_NGCC_CCS,NaturalGas,1,2015,2.0
ISRAEL,PWR_NGCC_CCS,NaturalGas,1,2016,2.0
ISRAEL,PWR_NGCC_CCS,NaturalGas,1,2017,2.0
ISRAEL,PWR_NGCC_CCS,NaturalGas,1,2018,2.0
ISRAEL,PWR_NGCC_CCS,NaturalGas,1,2019,2.0
ISRAEL,PWR_NGCC_CCS,NaturalGas,1,2020,2.0
ISRAEL,PWR_NGCC_CCS,NaturalGas,1,2021,2.0
ISRAEL,PWR_NGCC_CCS,NaturalGas,1,2022,2.0
ISRAEL,PWR_NGCC_CCS,NaturalGas,1,2023,2.0
ISRAEL,PWR_NGCC_CCS,NaturalGas,1,2024,2.0
ISRAEL,PWR_NGCC_CCS,NaturalGas,1,2025,2.0
ISRAEL,PWR_NGCC_CCS,NaturalGas,1,2026,2.0
ISRAEL,PWR_NGCC_CCS,NaturalGas,1,2027,2.0
ISRAEL,PWR_NGCC_CCS,NaturalGas,1,2028,2.0
ISRAEL,PWR_NGCC_CCS,NaturalGas,1,2029,2.0
ISRAEL,PWR_NGCC_CCS,NaturalGas,1,2030,2.0
ISRAEL,PWR_NGCC_CCS,NaturalGas,1,2031,2.0
ISRAEL,PWR_NGCC_CCS,NaturalGas,1,2032,2.0
ISRAEL,PWR_NGCC_CCS,NaturalGas,1,2033,2.0
ISRAEL,PWR_NGCC_CCS,NaturalGas,1,2034,2.0
ISRAEL,PWR_NGCC_CCS,NaturalGas,1,2035,2.0
ISRAEL,PWR_NGCC_CCS,NaturalGas,1,2036,2.0
ISRAEL,PWR_NGCC_CCS,NaturalGas,1,2037,2.0
ISRAEL,PWR_NGCC_CCS,NaturalGas,1,2038,2.0
ISRAEL,PWR_NGCC_CCS,NaturalGas,1,2039,2.0
ISRAEL,PWR_NGCC_CCS,NaturalGas,1,2040,2.0
ISRAEL,PWR_NGCC_CCS,NaturalGas,1,2041,2.0
ISRAEL,PWR_NGCC_CCS,NaturalGas,1,2042,2.0
ISRAEL,PWR_NGCC_CCS,NaturalGas,1,2043,2.0
ISRAEL,PWR_NGCC_CCS,NaturalGas,1,2044,2.0
ISRAEL,PWR_NGCC_CCS,NaturalGas,1,2045,2.0
ISRAEL,PWR_NGCC_CCS,NaturalGas,1,2046,2.0
ISRAEL,PWR_NGCC_CCS,NaturalGas,1,2047,2.0
ISRAEL,PWR_NGCC_CCS,NaturalGas,1,2048,2.0
ISRAEL,PWR_NGCC_CCS,NaturalGas,1,2049,2.0
ISRAEL,PWR_NGCC_CCS,NaturalGas,1,2050,2.0
ISRAEL,PWR_OCGT,NaturalGas,1,2015,2.5
ISRAEL,PWR_OCGT,NaturalGas,1,2016,2.5
ISRAEL,PWR_OCGT,NaturalGas,1,2017,2.5
ISRAEL,PWR_OCGT,NaturalGas,1,2018,2.5
ISRAEL,PWR_OCGT,NaturalGas,1,2019,2.5
ISRAEL,PWR_OCGT,NaturalGas,1,2020,2.5
ISRAEL,PWR_OCGT,NaturalGas,1,2021,2.5
ISRAEL,PWR_OCGT,NaturalGas,1,2022,2.5
ISRAEL,PWR_OCGT,NaturalGas,1,2023,2.5
ISRAEL,PWR_OCGT,NaturalGas,1,2024,2.5
ISRAEL,PWR_OCGT,NaturalGas,1,2025,2.5
ISRAEL,PWR_OCGT,NaturalGas,1,2026,2.5
ISRAEL,PWR_OCGT,NaturalGas,1,2027,2.5
ISRAEL,PWR_OCGT,NaturalGas,1,2028,2.5
ISRAEL,PWR_OCGT,NaturalGas,1,2029,2.5
ISRAEL,PWR_OCGT,NaturalGas,1,2030,2.5
ISRAEL,PWR_OCGT,NaturalGas,1,2031,2.5
ISRAEL,PWR_OCGT,NaturalGas,1,2032,2.5
ISRAEL,PWR_OCGT,NaturalGas,1,2033,2.5
ISRAEL,PWR_OCGT,NaturalGas,1,2034,2.5
ISRAEL,PWR_OCGT,NaturalGas,1,2035,2.5
ISRAEL,PWR_OCGT,NaturalGas,1,2036,2.5
ISRAEL,PWR_OCGT,NaturalGas,1,2037,2.5
ISRAEL,PWR_OCGT,NaturalGas,1,2038,2.5
ISRAEL,PWR_OCGT,NaturalGas,1,2039,2.5
ISRAEL,PWR_OCGT,NaturalGas,1,2040,2.5
ISRAEL,PWR_OCGT,NaturalGas,1,2041,2.5
ISRAEL,PWR_OCGT,NaturalGas,1,2042,2.5
ISRAEL,PWR_OCGT,NaturalGas,1,2043,2.5
ISRAEL,PWR_OCGT,NaturalGas,1,2044,2.5
ISRAEL,PWR_OCGT,NaturalGas,1,2045,2.5
ISRAEL,PWR_OCGT,NaturalGas,1,2046,2.5
ISRAEL,PWR_OCGT,NaturalGas,1,2047,2.5
ISRAEL,PWR_OCGT,NaturalGas,1,2048,2.5
ISRAEL,PWR_OCGT,NaturalGas,1,2049,2.5
ISRAEL,PWR_OCGT,NaturalGas,1,2050,2.5
ISRAEL,PWR_OCGT_CCS,NaturalGas,1,2015,2.8
ISRAEL,PWR_OCGT_CCS,NaturalGas,1,2016,2.8
ISRAEL,PWR_OCGT_CCS,NaturalGas,1,2017,2.8
ISRAEL,PWR_OCGT_CCS,NaturalGas,1,2018,2.8
ISRAEL,PWR_OCGT_CCS,NaturalGas,1,2019,2.8
ISRAEL,PWR_OCGT_CCS,NaturalGas,1,2020,2.8
ISRAEL,PWR_OCGT_CCS,NaturalGas,1,2021,2.8
ISRAEL,PWR_OCGT_CCS,NaturalGas,1,2022,2.8
ISRAEL,PWR_OCGT_CCS,NaturalGas,1,2023,2.8
ISRAEL,PWR_OCGT_CCS,NaturalGas,1,2024,2.8
ISRAEL,PWR_OCGT_CCS,NaturalGas,1,2025,2.8
ISRAEL,PWR_OCGT_CCS,NaturalGas,1,2026,2.8
ISRAEL,PWR_OCGT_CCS,NaturalGas,1,2027,2.8
ISRAEL,PWR_OCGT_CCS,NaturalGas,1,2028,2.8
ISRAEL,PWR_OCGT_CCS,NaturalGas,1,2029,2.8
ISRAEL,PWR_OCGT_CCS,NaturalGas,1,2030,2.8
ISRAEL,PWR_OCGT_CCS,NaturalGas,1,2031,2.8
ISRAEL,PWR_OCGT_CCS,NaturalGas,1,2032,2.8
ISRAEL,PWR_OCGT_CCS,NaturalGas,1,2033,2.8
ISRAEL,PWR_OCGT_CCS,NaturalGas,1,2034,2.8
ISRAEL,PWR_OCGT_CCS,NaturalGas,1,2035,2.8
ISRAEL,PWR_OCGT_CCS,NaturalGas,1,2036,2.8
ISRAEL,PWR_OCGT_CCS,NaturalGas,1,2037,2.8
ISRAEL,PWR_OCGT_CCS,NaturalGas,1,2038,2.8
ISRAEL,PWR_OCGT_CCS,NaturalGas,1,2039,2.8
ISRAEL,PWR_OCGT_CCS,NaturalGas,1,2040,2.8
ISRAEL,PWR_OCGT_CCS,NaturalGas,1,2041,2.8
ISRAEL,PWR_OCGT_CCS,NaturalGas,1,2042,2.8
ISRAEL,PWR_OCGT_CCS,NaturalGas,1,2043,2.8
ISRAEL,PWR_OCGT_CCS,NaturalGas,1,2044,2.8
ISRAEL,PWR_OCGT_CCS,NaturalGas,1,2045,2.8
ISRAEL,PWR_OCGT_CCS,NaturalGas,1,2046,2.8
ISRAEL,PWR_OCGT_CCS,NaturalGas,1,2047,2.8
ISRAEL,PWR_OCGT_CCS,NaturalGas,1,2048,2.8
ISRAEL,PWR_OCGT_CCS,NaturalGas,1,2049,2.8
ISRAEL,PWR_OCGT_CCS,NaturalGas,1,2050,2.8
ISRAEL,PWR_NatGas_Steam,NaturalGas,1,2015,2.2
ISRAEL,PWR_NatGas_Steam,NaturalGas,1,2016,2.2
ISRAEL,PWR_NatGas_Steam,NaturalGas,1,2017,2.2
ISRAEL,PWR_NatGas_Steam,NaturalGas,1,2018,2.2
ISRAEL,PWR_NatGas_Steam,NaturalGas,1,2019,2.2
ISRAEL,PWR_NatGas_Steam,NaturalGas,1,2020,2.2
ISRAEL,PWR_NatGas_Steam,NaturalGas,1,2021,2.2
ISRAEL,PWR_NatGas_Steam,NaturalGas,1,2022,2.2
ISRAEL,PWR_NatGas_Steam,NaturalGas,1,2023,2.2
ISRAEL,PWR_NatGas_Steam,NaturalGas,1,2024,2.2
ISRAEL,PWR_NatGas_Steam,NaturalGas,1,2025,2.2
ISRAEL,PWR_NatGas_Steam,NaturalGas,1,2026,2.2
ISRAEL,PWR_NatGas_Steam,NaturalGas,1,2027,2.2
ISRAEL,PWR_NatGas_Steam,NaturalGas,1,2028,2.2
ISRAEL,PWR_NatGas_Steam,NaturalGas,1,2029,2.2
ISRAEL,PWR_NatGas_Steam,NaturalGas,1,2030,2.2
ISRAEL,PWR_NatGas_Steam,NaturalGas,1,2031,2.2
ISRAEL,PWR_NatGas_Steam,NaturalGas,1,2032,2.2
ISRAEL,PWR_NatGas_Steam,NaturalGas,1,2033,2.2
ISRAEL,PWR_NatGas_Steam,NaturalGas,1,2034,2.2
ISRAEL,PWR_NatGas_Steam,NaturalGas,1,2035,2.2
ISRAEL,PWR_NatGas_Steam,NaturalGas,1,2036,2.2
ISRAEL,PWR_NatGas_Steam,NaturalGas,1,2037,2.2
ISRAEL,PWR_NatGas_Steam,NaturalGas,1,2038,2.2
ISRAEL,PWR_NatGas_Steam,NaturalGas,1,2039,2.2
ISRAEL,PWR_NatGas_Steam,NaturalGas,1,2040,2.2
ISRAEL,PWR_NatGas_Steam,NaturalGas,1,2041,2.2
ISRAEL,PWR_NatGas_Steam,NaturalGas,1,2042,2.2
ISRAEL,PWR_NatGas_Steam,NaturalGas,1,2043,2.2
ISRAEL,PWR_NatGas_Steam,NaturalGas,1,2044,2.2
ISRAEL,PWR_NatGas_Steam,NaturalGas,1,2045,2.2
ISRAEL,PWR_NatGas_Steam,NaturalGas,1,2046,2.2
ISRAEL,PWR_NatGas_Steam,NaturalGas,1,2047,2.2
ISRAEL,PWR_NatGas_Steam,NaturalGas,1,2048,2.2
ISRAEL,PWR_NatGas_Steam,NaturalGas,1,2049,2.2
ISRAEL,PWR_NatGas_Steam,NaturalGas,1,2050,2.2
ISRAEL,PWR_Coal,Coal,1,2015,2.5
ISRAEL,PWR_Coal,Coal,1,2016,2.5
ISRAEL,PWR_Coal,Coal,1,2017,2.5
ISRAEL,PWR_Coal,Coal,1,2018,2.5
ISRAEL,PWR_Coal,Coal,1,2019,2.5
ISRAEL,PWR_Coal,Coal,1,2020,2.5
ISRAEL,PWR_Coal,Coal,1,2021,2.5
ISRAEL,PWR_Coal,Coal,1,2022,2.5
ISRAEL,PWR_Coal,Coal,1,2023,2.5
ISRAEL,PWR_Coal,Coal,1,2024,2.5
ISRAEL,PWR_Coal,Coal,1,2025,2.5
ISRAEL,PWR_Coal,Coal,1,2026,2.5
ISRAEL,PWR_Coal,Coal,1,2027,2.5
ISRAEL,PWR_Coal,Coal,1,2028,2.5
ISRAEL,PWR_Coal,Coal,1,2029,2.5
ISRAEL,PWR_Coal,Coal,1,2030,2.5
ISRAEL,PWR_Coal,Coal,1,2031,2.5
ISRAEL,PWR_Coal,Coal,1,2032,2.5
ISRAEL,PWR_Coal,Coal,1,2033,2.5
ISRAEL,PWR_Coal,Coal,1,2034,2.5
ISRAEL,PWR_Coal,Coal,1,2035,2.5
ISRAEL,PWR_Coal,Coal,1,2036,2.5
ISRAEL,PWR_Coal,Coal,1,2037,2.5
ISRAEL,PWR_Coal,Coal,1,2038,2.5
ISRAEL,PWR_Coal,Coal,1,2039,2.5
ISRAEL,PWR_Coal,Coal,1,2040,2.5
ISRAEL,PWR_Coal,Coal,1,2041,2.5
ISRAEL,PWR_Coal,Coal,1,2042,2.5
ISRAEL,PWR_Coal,Coal,1,2043,2.5
ISRAEL,PWR_Coal,Coal,1,2044,2.5
ISRAEL,PWR_Coal,Coal,1,2045,2.5
ISRAEL,PWR_Coal,Coal,1,2046,2.5
ISRAEL,PWR_Coal,Coal,1,2047,2.5
ISRAEL,PWR_Coal,Coal,1,2048,2.5
ISRAEL,PWR_Coal,Coal,1,2049,2.5
ISRAEL,PWR_Coal,Coal,1,2050,2.5
ISRAEL,PWR_Solar_Utility,SolarRadiation,1,2015,1.0
ISRAEL,PWR_Solar_Utility,SolarRadiation,1,2016,1.0
ISRAEL,PWR_Solar_Utility,SolarRadiation,1,2017,1.0
ISRAEL,PWR_Solar_Utility,SolarRadiation,1,2018,1.0
ISRAEL,PWR_Solar_Utility,SolarRadiation,1,2019,1.0
ISRAEL,PWR_Solar_Utility,SolarRadiation,1,2020,1.0
ISRAEL,PWR_Solar_Utility,SolarRadiation,1,2021,1.0
ISRAEL,PWR_Solar_Utility,SolarRadiation,1,2022,1.0
ISRAEL,PWR_Solar_Utility,SolarRadiation,1,2023,1.0
ISRAEL,PWR_Solar_Utility,SolarRadiation,1,2024,1.0
ISRAEL,PWR_Solar_Utility,SolarRadiation,1,2025,1.0
ISRAEL,PWR_Solar_Utility,SolarRadiation,1,2026,1.0
ISRAEL,PWR_Solar_Utility,SolarRadiation,1,2027,1.0
ISRAEL,PWR_Solar_Utility,SolarRadiation,1,2028,1.0
ISRAEL,PWR_Solar_Utility,SolarRadiation,1,2029,1.0
ISRAEL,PWR_Solar_Utility,SolarRadiation,1,2030,1.0
ISRAEL,PWR_Solar_Utility,SolarRadiation,1,2031,1.0
ISRAEL,PWR_Solar_Utility,SolarRadiation,1,2032,1.0
ISRAEL,PWR_Solar_Utility,SolarRadiation,1,2033,1.0
ISRAEL,PWR_Solar_Utility,SolarRadiation,1,2034,1.0
ISRAEL,PWR_Solar_Utility,SolarRadiation,1,2035,1.0
ISRAEL,PWR_Solar_Utility,SolarRadiation,1,2036,1.0
ISRAEL,PWR_Solar_Utility,SolarRadiation,1,2037,1.0
ISRAEL,PWR_Solar_Utility,SolarRadiation,1,2038,1.0
ISRAEL,PWR_Solar_Utility,SolarRadiation,1,2039,1.0
ISRAEL,PWR_Solar_Utility,SolarRadiation,1,2040,1.0
ISRAEL,PWR_Solar_Utility,SolarRadiation,1,2041,1.0
ISRAEL,PWR_Solar_Utility,SolarRadiation,1,2042,1.0
ISRAEL,PWR_Solar_Utility,SolarRadiation,1,2043,1.0
ISRAEL,PWR_Solar_Utility,SolarRadiation,1,2044,1.0
ISRAEL,PWR_Solar_Utility,SolarRadiation,1,2045,1.0
ISRAEL,PWR_Solar_Utility,SolarRadiation,1,2046,1.0
ISRAEL,PWR_Solar_Utility,SolarRadiation,1,2047,1.0
ISRAEL,PWR_Solar_Utility,SolarRadiation,1,2048,1.0
ISRAEL,PWR_Solar_Utility,SolarRadiation,1,2049,1.0
ISRAEL,PWR_Solar_Utility,SolarRadiation,1,2050,1.0
ISRAEL,PWR_Solar_Rooftop_Res,SolarRadiation,1,2015,1.0
ISRAEL,PWR_Solar_Rooftop_Res,SolarRadiation,1,2016,1.0
ISRAEL,PWR_Solar_Rooftop_Res,SolarRadiation,1,2017,1.0
ISRAEL,PWR_Solar_Rooftop_Res,SolarRadiation,1,2018,1.0
ISRAEL,PWR_Solar_Rooftop_Res,SolarRadiation,1,2019,1.0
ISRAEL,PWR_Solar_Rooftop_Res,SolarRadiation,1,2020,1.0
ISRAEL,PWR_Solar_Rooftop_Res,SolarRadiation,1,2021,1.0
ISRAEL,PWR_Solar_Rooftop_Res,SolarRadiation,1,2022,1.0
ISRAEL,PWR_Solar_Rooftop_Res,SolarRadiation,1,2023,1.0
ISRAEL,PWR_Solar_Rooftop_Res,SolarRadiation,1,2024,1.0
ISRAEL,PWR_Solar_Rooftop_Res,SolarRadiation,1,2025,1.0
ISRAEL,PWR_Solar_Rooftop_Res,SolarRadiation,1,2026,1.0
ISRAEL,PWR_Solar_Rooftop_Res,SolarRadiation,1,2027,1.0
ISRAEL,PWR_Solar_Rooftop_Res,SolarRadiation,1,2028,1.0
ISRAEL,PWR_Solar_Rooftop_Res,SolarRadiation,1,2029,1.0
ISRAEL,PWR_Solar_Rooftop_Res,SolarRadiation,1,2030,1.0
ISRAEL,PWR_Solar_Rooftop_Res,SolarRadiation,1,2031,1.0
ISRAEL,PWR_Solar_Rooftop_Res,SolarRadiation,1,2032,1.0
ISRAEL,PWR_Solar_Rooftop_Res,SolarRadiation,1,2033,1.0
ISRAEL,PWR_Solar_Rooftop_Res,SolarRadiation,1,2034,1.0
ISRAEL,PWR_Solar_Rooftop_Res,SolarRadiation,1,2035,1.0
ISRAEL,PWR_Solar_Rooftop_Res,SolarRadiation,1,2036,1.0
ISRAEL,PWR_Solar_Rooftop_Res,SolarRadiation,1,2037,1.0
ISRAEL,PWR_Solar_Rooftop_Res,SolarRadiation,1,2038,1.0
ISRAEL,PWR_Solar_Rooftop_Res,SolarRadiation,1,2039,1.0
ISRAEL,PWR_Solar_Rooftop_Res,SolarRadiation,1,2040,1.0
ISRAEL,PWR_Solar_Rooftop_Res,SolarRadiation,1,2041,1.0
ISRAEL,PWR_Solar_Rooftop_Res,SolarRadiation,1,2042,1.0
ISRAEL,PWR_Solar_Rooftop_Res,SolarRadiation,1,2043,1.0
ISRAEL,PWR_Solar_Rooftop_Res,SolarRadiation,1,2044,1.0
ISRAEL,PWR_Solar_Rooftop_Res,SolarRadiation,1,2045,1.0
ISRAEL,PWR_Solar_Rooftop_Res,SolarRadiation,1,2046,1.0
ISRAEL,PWR_Solar_Rooftop_Res,SolarRadiation,1,2047,1.0
ISRAEL,PWR_Solar_Rooftop_Res,SolarRadiation,1,2048,1.0
ISRAEL,PWR_Solar_Rooftop_Res,SolarRadiation,1,2049,1.0
ISRAEL,PWR_Solar_Rooftop_Res,SolarRadiation,1,2050,1.0
ISRAEL,PWR_Solar_Rooftop_Com,SolarRadiation,1,2015,1.0
ISRAEL,PWR_Solar_Rooftop_Com,SolarRadiation,1,2016,1.0
ISRAEL,PWR_Solar_Rooftop_Com,SolarRadiation,1,2017,1.0
ISRAEL,PWR_Solar_Rooftop_Com,SolarRadiation,1,2018,1.0
ISRAEL,PWR_Solar_Rooftop_Com,SolarRadiation,1,2019,1.0
ISRAEL,PWR_Solar_Rooftop_Com,SolarRadiation,1,2020,1.0
ISRAEL,PWR_Solar_Rooftop_Com,SolarRadiation,1,2021,1.0
ISRAEL,PWR_Solar_Rooftop_Com,SolarRadiation,1,2022,1.0
ISRAEL,PWR_Solar_Rooftop_Com,SolarRadiation,1,2023,1.0
ISRAEL,PWR_Solar_Rooftop_Com,SolarRadiation,1,2024,1.0
ISRAEL,PWR_Solar_Rooftop_Com,SolarRadiation,1,2025,1.0
ISRAEL,PWR_Solar_Rooftop_Com,SolarRadiation,1,2026,1.0
ISRAEL,PWR_Solar_Rooftop_Com,SolarRadiation,1,2027,1.0
ISRAEL,PWR_Solar_Rooftop_Com,SolarRadiation,1,2028,1.0
ISRAEL,PWR_Solar_Rooftop_Com,SolarRadiation,1,2029,1.0
ISRAEL,PWR_Solar_Rooftop_Com,SolarRadiation,1,2030,1.0
ISRAEL,PWR_Solar_Rooftop_Com,SolarRadiation,1,2031,1.0
ISRAEL,PWR_Solar_Rooftop_Com,SolarRadiation,1,2032,1.0
ISRAEL,PWR_Solar_Rooftop_Com,SolarRadiation,1,2033,1.0
ISRAEL,PWR_Solar_Rooftop_Com,SolarRadiation,1,2034,1.0
ISRAEL,PWR_Solar_Rooftop_Com,SolarRadiation,1,2035,1.0
ISRAEL,PWR_Solar_Rooftop_Com,SolarRadiation,1,2036,1.0
ISRAEL,PWR_Solar_Rooftop_Com,SolarRadiation,1,2037,1.0
ISRAEL,PWR_Solar_Rooftop_Com,SolarRadiation,1,2038,1.0
ISRAEL,PWR_Solar_Rooftop_Com,SolarRadiation,1,2039,1.0
ISRAEL,PWR_Solar_Rooftop_Com,SolarRadiation,1,2040,1.0
ISRAEL,PWR_Solar_Rooftop_Com,SolarRadiation,1,2041,1.0
ISRAEL,PWR_Solar_Rooftop_Com,SolarRadiation,1,2042,1.0
ISRAEL,PWR_Solar_Rooftop_Com,SolarRadiation,1,2043,1.0
ISRAEL,PWR_Solar_Rooftop_Com,SolarRadiation,1,2044,1.0
ISRAEL,PWR_Solar_Rooftop_Com,SolarRadiation,1,2045,1.0
ISRAEL,PWR_Solar_Rooftop_Com,SolarRadiation,1,2046,1.0
ISRAEL,PWR_Solar_Rooftop_Com,SolarRadiation,1,2047,1.0
ISRAEL,PWR_Solar_Rooftop_Com,SolarRadiation,1,2048,1.0
ISRAEL,PWR_Solar_Rooftop_Com,SolarRadiation,1,2049,1.0
ISRAEL,PWR_Solar_Rooftop_Com,SolarRadiation,1,2050,1.0
ISRAEL,PWR_Wind_Onshore,Wind,1,2015,1.0
ISRAEL,PWR_Wind_Onshore,Wind,1,2016,1.0
ISRAEL,PWR_Wind_Onshore,Wind,1,2017,1.0
ISRAEL,PWR_Wind_Onshore,Wind,1,2018,1.0
ISRAEL,PWR_Wind_Onshore,Wind,1,2019,1.0
ISRAEL,PWR_Wind_Onshore,Wind,1,2020,1.0
ISRAEL,PWR_Wind_Onshore,Wind,1,2021,1.0
ISRAEL,PWR_Wind_Onshore,Wind,1,2022,1.0
ISRAEL,PWR_Wind_Onshore,Wind,1,2023,1.0
ISRAEL,PWR_Wind_Onshore,Wind,1,2024,1.0
ISRAEL,PWR_Wind_Onshore,Wind,1,2025,1.0
ISRAEL,PWR_Wind_Onshore,Wind,1,2026,1.0
ISRAEL,PWR_Wind_Onshore,Wind,1,2027,1.0
ISRAEL,PWR_Wind_Onshore,Wind,1,2028,1.0
ISRAEL,PWR_Wind_Onshore,Wind,1,2029,1.0
ISRAEL,PWR_Wind_Onshore,Wind,1,2030,1.0
ISRAEL,PWR_Wind_Onshore,Wind,1,2031,1.0
ISRAEL,PWR_Wind_Onshore,Wind,1,2032,1.0
ISRAEL,PWR_Wind_Onshore,Wind,1,2033,1.0
ISRAEL,PWR_Wind_Onshore,Wind,1,2034,1.0
ISRAEL,PWR_Wind_Onshore,Wind,1,2035,1.0
ISRAEL,PWR_Wind_Onshore,Wind,1,2036,1.0
ISRAEL,PWR_Wind_Onshore,Wind,1,2037,1.0
ISRAEL,PWR_Wind_Onshore,Wind,1,2038,1.0
ISRAEL,PWR_Wind_Onshore,Wind,1,2039,1.0
ISRAEL,PWR_Wind_Onshore,Wind,1,2040,1.0
ISRAEL,PWR_Wind_Onshore,Wind,1,2041,1.0
ISRAEL,PWR_Wind_Onshore,Wind,1,2042,1.0
ISRAEL,PWR_Wind_Onshore,Wind,1,2043,1.0
ISRAEL,PWR_Wind_Onshore,Wind,1,2044,1.0
ISRAEL,PWR_Wind_Onshore,Wind,1,2045,1.0
ISRAEL,PWR_Wind_Onshore,Wind,1,2046,1.0
ISRAEL,PWR_Wind_Onshore,Wind,1,2047,1.0
ISRAEL,PWR_Wind_Onshore,Wind,1,2048,1.0
ISRAEL,PWR_Wind_Onshore,Wind,1,2049,1.0
ISRAEL,PWR_Wind_Onshore,Wind,1,2050,1.0
ISRAEL,PWR_CSP_Storage,SolarRadiation,1,2015,1.3
ISRAEL,PWR_CSP_Storage,SolarRadiation,1,2016,1.3
ISRAEL,PWR_CSP_Storage,SolarRadiation,1,2017,1.3
ISRAEL,PWR_CSP_Storage,SolarRadiation,1,2018,1.3
ISRAEL,PWR_CSP_Storage,SolarRadiation,1,2019,1.3
ISRAEL,PWR_CSP_Storage,SolarRadiation,1,2020,1.3
ISRAEL,PWR_CSP_Storage,SolarRadiation,1,2021,1.3
ISRAEL,PWR_CSP_Storage,SolarRadiation,1,2022,1.3
ISRAEL,PWR_CSP_Storage,SolarRadiation,1,2023,1.3
ISRAEL,PWR_CSP_Storage,SolarRadiation,1,2024,1.3
ISRAEL,PWR_CSP_Storage,SolarRadiation,1,2025,1.3
ISRAEL,PWR_CSP_Storage,SolarRadiation,1,2026,1.3
ISRAEL,PWR_CSP_Storage,SolarRadiation,1,2027,1.3
ISRAEL,PWR_CSP_Storage,SolarRadiation,1,2028,1.3
ISRAEL,PWR_CSP_Storage,SolarRadiation,1,2029,1.3
ISRAEL,PWR_CSP_Storage,SolarRadiation,1,2030,1.3
ISRAEL,PWR_CSP_Storage,SolarRadiation,1,2031,1.3
ISRAEL,PWR_CSP_Storage,SolarRadiation,1,2032,1.3
ISRAEL,PWR_CSP_Storage,SolarRadiation,1,2033,1.3
ISRAEL,PWR_CSP_Storage,SolarRadiation,1,2034,1.3
ISRAEL,PWR_CSP_Storage,SolarRadiation,1,2035,1.3
ISRAEL,PWR_CSP_Storage,SolarRadiation,1,2036,1.3
ISRAEL,PWR_CSP_Storage,SolarRadiation,1,2037,1.3
ISRAEL,PWR_CSP_Storage,SolarRadiation,1,2038,1.3
ISRAEL,PWR_CSP_Storage,SolarRadiation,1,2039,1.3
ISRAEL,PWR_CSP_Storage,SolarRadiation,1,2040,1.3
ISRAEL,PWR_CSP_Storage,SolarRadiation,1,2041,1.3
ISRAEL,PWR_CSP_Storage,SolarRadiation,1,2042,1.3
ISRAEL,PWR_CSP_Storage,SolarRadiation,1,2043,1.3
ISRAEL,PWR_CSP_Storage,SolarRadiation,1,2044,1.3
ISRAEL,PWR_CSP_Storage,SolarRadiation,1,2045,1.3
ISRAEL,PWR_CSP_Storage,SolarRadiation,1,2046,1.3
ISRAEL,PWR_CSP_Storage,SolarRadiation,1,2047,1.3
ISRAEL,PWR_CSP_Storage,SolarRadiation,1,2048,1.3
ISRAEL,PWR_CSP_Storage,SolarRadiation,1,2049,1.3
ISRAEL,PWR_CSP_Storage,SolarRadiation,1,2050,1.3
ISRAEL,PWR_WTE_Incinerator,Biomass,1,2015,3.0
ISRAEL,PWR_WTE_Incinerator,Biomass,1,2016,3.0
ISRAEL,PWR_WTE_Incinerator,Biomass,1,2017,3.0
ISRAEL,PWR_WTE_Incinerator,Biomass,1,2018,3.0
ISRAEL,PWR_WTE_Incinerator,Biomass,1,2019,3.0
ISRAEL,PWR_WTE_Incinerator,Biomass,1,2020,3.0
ISRAEL,PWR_WTE_Incinerator,Biomass,1,2021,3.0
ISRAEL,PWR_WTE_Incinerator,Biomass,1,2022,3.0
ISRAEL,PWR_WTE_Incinerator,Biomass,1,2023,3.0
ISRAEL,PWR_WTE_Incinerator,Biomass,1,2024,3.0
ISRAEL,PWR_WTE_Incinerator,Biomass,1,2025,3.0
ISRAEL,PWR_WTE_Incinerator,Biomass,1,2026,3.0
ISRAEL,PWR_WTE_Incinerator,Biomass,1,2027,3.0
ISRAEL,PWR_WTE_Incinerator,Biomass,1,2028,3.0
ISRAEL,PWR_WTE_Incinerator,Biomass,1,2029,3.0
ISRAEL,PWR_WTE_Incinerator,Biomass,1,2030,3.0
ISRAEL,PWR_WTE_Incinerator,Biomass,1,2031,3.0
ISRAEL,PWR_WTE_Incinerator,Biomass,1,2032,3.0
ISRAEL,PWR_WTE_Incinerator,Biomass,1,2033,3.0
ISRAEL,PWR_WTE_Incinerator,Biomass,1,2034,3.0
ISRAEL,PWR_WTE_Incinerator,Biomass,1,2035,3.0
ISRAEL,PWR_WTE_Incinerator,Biomass,1,2036,3.0
ISRAEL,PWR_WTE_Incinerator,Biomass,1,2037,3.0
ISRAEL,PWR_WTE_Incinerator,Biomass,1,2038,3.0
ISRAEL,PWR_WTE_Incinerator,Biomass,1,2039,3.0
ISRAEL,PWR_WTE_Incinerator,Biomass,1,2040,3.0
ISRAEL,PWR_WTE_Incinerator,Biomass,1,2041,3.0
ISRAEL,PWR_WTE_Incinerator,Biomass,1,2042,3.0
ISRAEL,PWR_WTE_Incinerator,Biomass,1,2043,3.0
ISRAEL,PWR_WTE_Incinerator,Biomass,1,2044,3.0
ISRAEL,PWR_WTE_Incinerator,Biomass,1,2045,3.0
ISRAEL,PWR_WTE_Incinerator,Biomass,1,2046,3.0
ISRAEL,PWR_WTE_Incinerator,Biomass,1,2047,3.0
ISRAEL,PWR_WTE_Incinerator,Biomass,1,2048,3.0
ISRAEL,PWR_WTE_Incinerator,Biomass,1,2049,3.0
ISRAEL,PWR_WTE_Incinerator,Biomass,1,2050,3.0
ISRAEL,PWR_WTE_Biodigester,Biomass,1,2015,2.0
ISRAEL,PWR_WTE_Biodigester,Biomass,1,2016,2.0
ISRAEL,PWR_WTE_Biodigester,Biomass,1,2017,2.0
ISRAEL,PWR_WTE_Biodigester,Biomass,1,2018,2.0
ISRAEL,PWR_WTE_Biodigester,Biomass,1,2019,2.0
ISRAEL,PWR_WTE_Biodigester,Biomass,1,2020,2.0
ISRAEL,PWR_WTE_Biodigester,Biomass,1,2021,2.0
ISRAEL,PWR_WTE_Biodigester,Biomass,1,2022,2.0
ISRAEL,PWR_WTE_Biodigester,Biomass,1,2023,2.0
ISRAEL,PWR_WTE_Biodigester,Biomass,1,2024,2.0
ISRAEL,PWR_WTE_Biodigester,Biomass,1,2025,2.0
ISRAEL,PWR_WTE_Biodigester,Biomass,1,2026,2.0
ISRAEL,PWR_WTE_Biodigester,Biomass,1,2027,2.0
ISRAEL,PWR_WTE_Biodigester,Biomass,1,2028,2.0
ISRAEL,PWR_WTE_Biodigester,Biomass,1,2029,2.0
ISRAEL,PWR_WTE_Biodigester,Biomass,1,2030,2.0
ISRAEL,PWR_WTE_Biodigester,Biomass,1,2031,2.0
ISRAEL,PWR_WTE_Biodigester,Biomass,1,2032,2.0
ISRAEL,PWR_WTE_Biodigester,Biomass,1,2033,2.0
ISRAEL,PWR_WTE_Biodigester,Biomass,1,2034,2.0
ISRAEL,PWR_WTE_Biodigester,Biomass,1,2035,2.0
ISRAEL,PWR_WTE_Biodigester,Biomass,1,2036,2.0
ISRAEL,PWR_WTE_Biodigester,Biomass,1,2037,2.0
ISRAEL,PWR_WTE_Biodigester,Biomass,1,2038,2.0
ISRAEL,PWR_WTE_Biodigester,Biomass,1,2039,2.0
ISRAEL,PWR_WTE_Biodigester,Biomass,1,2040,2.0
ISRAEL,PWR_WTE_Biodigester,Biomass,1,2041,2.0
ISRAEL,PWR_WTE_Biodigester,Biomass,1,2042,2.0
ISRAEL,PWR_WTE_Biodigester,Biomass,1,2043,2.0
ISRAEL,PWR_WTE_Biodigester,Biomass,1,2044,2.0
ISRAEL,PWR_WTE_Biodigester,Biomass,1,2045,2.0
ISRAEL,PWR_WTE_Biodigester,Biomass,1,2046,2.0
ISRAEL,PWR_WTE_Biodigester,Biomass,1,2047,2.0
ISRAEL,PWR_WTE_Biodigester,Biomass,1,2048,2.0
ISRAEL,PWR_WTE_Biodigester,Biomass,1,2049,2.0
ISRAEL,PWR_WTE_Biodigester,Biomass,1,2050,2.0
ISRAEL,PWR_Nuclear_SMR,NaturalGas,1,2015,0.01
ISRAEL,PWR_Nuclear_SMR,NaturalGas,1,2016,0.01
ISRAEL,PWR_Nuclear_SMR,NaturalGas,1,2017,0.01
ISRAEL,PWR_Nuclear_SMR,NaturalGas,1,2018,0.01
ISRAEL,PWR_Nuclear_SMR,NaturalGas,1,2019,0.01
ISRAEL,PWR_Nuclear_SMR,NaturalGas,1,2020,0.01
ISRAEL,PWR_Nuclear_SMR,NaturalGas,1,2021,0.01
ISRAEL,PWR_Nuclear_SMR,NaturalGas,1,2022,0.01
ISRAEL,PWR_Nuclear_SMR,NaturalGas,1,2023,0.01
ISRAEL,PWR_Nuclear_SMR,NaturalGas,1,2024,0.01
ISRAEL,PWR_Nuclear_SMR,NaturalGas,1,2025,0.01
ISRAEL,PWR_Nuclear_SMR,NaturalGas,1,2026,0.01
ISRAEL,PWR_Nuclear_SMR,NaturalGas,1,2027,0.01
ISRAEL,PWR_Nuclear_SMR,NaturalGas,1,2028,0.01
ISRAEL,PWR_Nuclear_SMR,NaturalGas,1,2029,0.01
ISRAEL,PWR_Nuclear_SMR,NaturalGas,1,2030,0.01
ISRAEL,PWR_Nuclear_SMR,NaturalGas,1,2031,0.01
ISRAEL,PWR_Nuclear_SMR,NaturalGas,1,2032,0.01
ISRAEL,PWR_Nuclear_SMR,NaturalGas,1,2033,0.01
ISRAEL,PWR_Nuclear_SMR,NaturalGas,1,2034,0.01
ISRAEL,PWR_Nuclear_SMR,NaturalGas,1,2035,0.01
ISRAEL,PWR_Nuclear_SMR,NaturalGas,1,2036,0.01
ISRAEL,PWR_Nuclear_SMR,NaturalGas,1,2037,0.01
ISRAEL,PWR_Nuclear_SMR,NaturalGas,1,2038,0.01
ISRAEL,PWR_Nuclear_SMR,NaturalGas,1,2039,0.01
ISRAEL,PWR_Nuclear_SMR,NaturalGas,1,2040,0.01
ISRAEL,PWR_Nuclear_SMR,NaturalGas,1,2041,0.01
ISRAEL,PWR_Nuclear_SMR,NaturalGas,1,2042,0.01
ISRAEL,PWR_Nuclear_SMR,NaturalGas,1,2043,0.01
ISRAEL,PWR_Nuclear_SMR,NaturalGas,1,2044,0.01
ISRAEL,PWR_Nuclear_SMR,NaturalGas,1,2045,0.01
ISRAEL,PWR_Nuclear_SMR,NaturalGas,1,2046,0.01
ISRAEL,PWR_Nuclear_SMR,NaturalGas,1,2047,0.01
ISRAEL,PWR_Nuclear_SMR,NaturalGas,1,2048,0.01
ISRAEL,PWR_Nuclear_SMR,NaturalGas,1,2049,0.01
ISRAEL,PWR_Nuclear_SMR,NaturalGas,1,2050,0.01
ISRAEL,PWR_Hydrogen_CCGT,Hydrogen,1,2015,2.0
ISRAEL,PWR_Hydrogen_CCGT,Hydrogen,1,2016,2.0
ISRAEL,PWR_Hydrogen_CCGT,Hydrogen,1,2017,2.0
ISRAEL,PWR_Hydrogen_CCGT,Hydrogen,1,2018,2.0
ISRAEL,PWR_Hydrogen_CCGT,Hydrogen,1,2019,2.0
ISRAEL,PWR_Hydrogen_CCGT,Hydrogen,1,2020,2.0
ISRAEL,PWR_Hydrogen_CCGT,Hydrogen,1,2021,2.0
ISRAEL,PWR_Hydrogen_CCGT,Hydrogen,1,2022,2.0
ISRAEL,PWR_Hydrogen_CCGT,Hydrogen,1,2023,2.0
ISRAEL,PWR_Hydrogen_CCGT,Hydrogen,1,2024,2.0
ISRAEL,PWR_Hydrogen_CCGT,Hydrogen,1,2025,2.0
ISRAEL,PWR_Hydrogen_CCGT,Hydrogen,1,2026,2.0
ISRAEL,PWR_Hydrogen_CCGT,Hydrogen,1,2027,2.0
ISRAEL,PWR_Hydrogen_CCGT,Hydrogen,1,2028,2.0
ISRAEL,PWR_Hydrogen_CCGT,Hydrogen,1,2029,2.0
ISRAEL,PWR_Hydrogen_CCGT,Hydrogen,1,2030,2.0
ISRAEL,PWR_Hydrogen_CCGT,Hydrogen,1,2031,2.0
ISRAEL,PWR_Hydrogen_CCGT,Hydrogen,1,2032,2.0
ISRAEL,PWR_Hydrogen_CCGT,Hydrogen,1,2033,2.0
ISRAEL,PWR_Hydrogen_CCGT,Hydrogen,1,2034,2.0
ISRAEL,PWR_Hydrogen_CCGT,Hydrogen,1,2035,2.0
ISRAEL,PWR_Hydrogen_CCGT,Hydrogen,1,2036,2.0
ISRAEL,PWR_Hydrogen_CCGT,Hydrogen,1,2037,2.0
ISRAEL,PWR_Hydrogen_CCGT,Hydrogen,1,2038,2.0
ISRAEL,PWR_Hydrogen_CCGT,Hydrogen,1,2039,2.0
ISRAEL,PWR_Hydrogen_CCGT,Hydrogen,1,2040,2.0
ISRAEL,PWR_Hydrogen_CCGT,Hydrogen,1,2041,2.0
ISRAEL,PWR_Hydrogen_CCGT,Hydrogen,1,2042,2.0
ISRAEL,PWR_Hydrogen_CCGT,Hydrogen,1,2043,2.0
ISRAEL,PWR_Hydrogen_CCGT,Hydrogen,1,2044,2.0
ISRAEL,PWR_Hydrogen_CCGT,Hydrogen,1,2045,2.0
ISRAEL,PWR_Hydrogen_CCGT,Hydrogen,1,2046,2.0
ISRAEL,PWR_Hydrogen_CCGT,Hydrogen,1,2047,2.0
ISRAEL,PWR_Hydrogen_CCGT,Hydrogen,1,2048,2.0
ISRAEL,PWR_Hydrogen_CCGT,Hydrogen,1,2049,2.0
ISRAEL,PWR_Hydrogen_CCGT,Hydrogen,1,2050,2.0
ISRAEL,TRN_Electricity,Electricity,1,2015,1.02
ISRAEL,TRN_Electricity,Electricity,1,2016,1.02
ISRAEL,TRN_Electricity,Electricity,1,2017,1.02
ISRAEL,TRN_Electricity,Electricity,1,2018,1.02
ISRAEL,TRN_Electricity,Electricity,1,2019,1.02
ISRAEL,TRN_Electricity,Electricity,1,2020,1.02
ISRAEL,TRN_Electricity,Electricity,1,2021,1.02
ISRAEL,TRN_Electricity,Electricity,1,2022,1.02
ISRAEL,TRN_Electricity,Electricity,1,2023,1.02
ISRAEL,TRN_Electricity,Electricity,1,2024,1.02
ISRAEL,TRN_Electricity,Electricity,1,2025,1.02
ISRAEL,TRN_Electricity,Electricity,1,2026,1.02
ISRAEL,TRN_Electricity,Electricity,1,2027,1.02
ISRAEL,TRN_Electricity,Electricity,1,2028,1.02
ISRAEL,TRN_Electricity,Electricity,1,2029,1.02
ISRAEL,TRN_Electricity,Electricity,1,2030,1.02
ISRAEL,TRN_Electricity,Electricity,1,2031,1.02
ISRAEL,TRN_Electricity,Electricity,1,2032,1.02
ISRAEL,TRN_Electricity,Electricity,1,2033,1.02
ISRAEL,TRN_Electricity,Electricity,1,2034,1.02
ISRAEL,TRN_Electricity,Electricity,1,2035,1.02
ISRAEL,TRN_Electricity,Electricity,1,2036,1.02
ISRAEL,TRN_Electricity,Electricity,1,2037,1.02
ISRAEL,TRN_Electricity,Electricity,1,2038,1.02
ISRAEL,TRN_Electricity,Electricity,1,2039,1.02
ISRAEL,TRN_Electricity,Electricity,1,2040,1.02
ISRAEL,TRN_Electricity,Electricity,1,2041,1.02
ISRAEL,TRN_Electricity,Electricity,1,2042,1.02
ISRAEL,TRN_Electricity,Electricity,1,2043,1.02
ISRAEL,TRN_Electricity,Electricity,1,2044,1.02
ISRAEL,TRN_Electricity,Electricity,1,2045,1.02
ISRAEL,TRN_Electricity,Electricity,1,2046,1.02
ISRAEL,TRN_Electricity,Electricity,1,2047,1.02
ISRAEL,TRN_Electricity,Electricity,1,2048,1.02
ISRAEL,TRN_Electricity,Electricity,1,2049,1.02
ISRAEL,TRN_Electricity,Electricity,1,2050,1.02
ISRAEL,REF_Oil,CrudeOil,1,2015,1.05
ISRAEL,REF_Oil,CrudeOil,1,2016,1.05
ISRAEL,REF_Oil,CrudeOil,1,2017,1.05
ISRAEL,REF_Oil,CrudeOil,1,2018,1.05
ISRAEL,REF_Oil,CrudeOil,1,2019,1.05
ISRAEL,REF_Oil,CrudeOil,1,2020,1.05
ISRAEL,REF_Oil,CrudeOil,1,2021,1.05
ISRAEL,REF_Oil,CrudeOil,1,2022,1.05
ISRAEL,REF_Oil,CrudeOil,1,2023,1.05
ISRAEL,REF_Oil,CrudeOil,1,2024,1.05
ISRAEL,REF_Oil,CrudeOil,1,2025,1.05
ISRAEL,REF_Oil,CrudeOil,1,2026,1.05
ISRAEL,REF_Oil,CrudeOil,1,2027,1.05
ISRAEL,REF_Oil,CrudeOil,1,2028,1.05
ISRAEL,REF_Oil,CrudeOil,1,2029,1.05
ISRAEL,REF_Oil,CrudeOil,1,2030,1.05
ISRAEL,REF_Oil,CrudeOil,1,2031,1.05
ISRAEL,REF_Oil,CrudeOil,1,2032,1.05
ISRAEL,REF_Oil,CrudeOil,1,2033,1.05
ISRAEL,REF_Oil,CrudeOil,1,2034,1.05
ISRAEL,REF_Oil,CrudeOil,1,2035,1.05
ISRAEL,REF_Oil,CrudeOil,1,2036,1.05
ISRAEL,REF_Oil,CrudeOil,1,2037,1.05
ISRAEL,REF_Oil,CrudeOil,1,2038,1.05
ISRAEL,REF_Oil,CrudeOil,1,2039,1.05
ISRAEL,REF_Oil,CrudeOil,1,2040,1.05
ISRAEL,REF_Oil,CrudeOil,1,2041,1.05
ISRAEL,REF_Oil,CrudeOil,1,2042,1.05
ISRAEL,REF_Oil,CrudeOil,1,2043,1.05
ISRAEL,REF_Oil,CrudeOil,1,2044,1.05
ISRAEL,REF_Oil,CrudeOil,1,2045,1.05
ISRAEL,REF_Oil,CrudeOil,1,2046,1.05
ISRAEL,REF_Oil,CrudeOil,1,2047,1.05
ISRAEL,REF_Oil,CrudeOil,1,2048,1.05
ISRAEL,REF_Oil,CrudeOil,1,2049,1.05
ISRAEL,REF_Oil,CrudeOil,1,2050,1.05
ISRAEL,H2_Electrolyzer_Green,Electricity,1,2015,1.5
ISRAEL,H2_Electrolyzer_Green,Electricity,1,2016,1.5
ISRAEL,H2_Electrolyzer_Green,Electricity,1,2017,1.5
ISRAEL,H2_Electrolyzer_Green,Electricity,1,2018,1.5
ISRAEL,H2_Electrolyzer_Green,Electricity,1,2019,1.5
ISRAEL,H2_Electrolyzer_Green,Electricity,1,2020,1.5
ISRAEL,H2_Electrolyzer_Green,Electricity,1,2021,1.5
ISRAEL,H2_Electrolyzer_Green,Electricity,1,2022,1.5
ISRAEL,H2_Electrolyzer_Green,Electricity,1,2023,1.5
ISRAEL,H2_Electrolyzer_Green,Electricity,1,2024,1.5
ISRAEL,H2_Electrolyzer_Green,Electricity,1,2025,1.5
ISRAEL,H2_Electrolyzer_Green,Electricity,1,2026,1.5
ISRAEL,H2_Electrolyzer_Green,Electricity,1,2027,1.5
ISRAEL,H2_Electrolyzer_Green,Electricity,1,2028,1.5
ISRAEL,H2_Electrolyzer_Green,Electricity,1,2029,1.5
ISRAEL,H2_Electrolyzer_Green,Electricity,1,2030,1.5
ISRAEL,H2_Electrolyzer_Green,Electricity,1,2031,1.5
ISRAEL,H2_Electrolyzer_Green,Electricity,1,2032,1.5
ISRAEL,H2_Electrolyzer_Green,Electricity,1,2033,1.5
ISRAEL,H2_Electrolyzer_Green,Electricity,1,2034,1.5
ISRAEL,H2_Electrolyzer_Green,Electricity,1,2035,1.5
ISRAEL,H2_Electrolyzer_Green,Electricity,1,2036,1.5
ISRAEL,H2_Electrolyzer_Green,Electricity,1,2037,1.5
ISRAEL,H2_Electrolyzer_Green,Electricity,1,2038,1.5
ISRAEL,H2_Electrolyzer_Green,Electricity,1,2039,1.5
ISRAEL,H2_Electrolyzer_Green,Electricity,1,2040,1.5
ISRAEL,H2_Electrolyzer_Green,Electricity,1,2041,1.5
ISRAEL,H2_Electrolyzer_Green,Electricity,1,2042,1.5
ISRAEL,H2_Electrolyzer_Green,Electricity,1,2043,1.5
ISRAEL,H2_Electrolyzer_Green,Electricity,1,2044,1.5
ISRAEL,H2_Electrolyzer_Green,Electricity,1,2045,1.5
ISRAEL,H2_Electrolyzer_Green,Electricity,1,2046,1.5
ISRAEL,H2_Electrolyzer_Green,Electricity,1,2047,1.5
ISRAEL,H2_Electrolyzer_Green,Electricity,1,2048,1.5
ISRAEL,H2_Electrolyzer_Green,Electricity,1,2049,1.5
ISRAEL,H2_Electrolyzer_Green,Electricity,1,2050,1.5
ISRAEL,H2_Blue_NatGas_CCS,NaturalGas,1,2015,1.8
ISRAEL,H2_Blue_NatGas_CCS,NaturalGas,1,2016,1.8
ISRAEL,H2_Blue_NatGas_CCS,NaturalGas,1,2017,1.8
ISRAEL,H2_Blue_NatGas_CCS,NaturalGas,1,2018,1.8
ISRAEL,H2_Blue_NatGas_CCS,NaturalGas,1,2019,1.8
ISRAEL,H2_Blue_NatGas_CCS,NaturalGas,1,2020,1.8
ISRAEL,H2_Blue_NatGas_CCS,NaturalGas,1,2021,1.8
ISRAEL,H2_Blue_NatGas_CCS,NaturalGas,1,2022,1.8
ISRAEL,H2_Blue_NatGas_CCS,NaturalGas,1,2023,1.8
ISRAEL,H2_Blue_NatGas_CCS,NaturalGas,1,2024,1.8
ISRAEL,H2_Blue_NatGas_CCS,NaturalGas,1,2025,1.8
ISRAEL,H2_Blue_NatGas_CCS,NaturalGas,1,2026,1.8
ISRAEL,H2_Blue_NatGas_CCS,NaturalGas,1,2027,1.8
ISRAEL,H2_Blue_NatGas_CCS,NaturalGas,1,2028,1.8
ISRAEL,H2_Blue_NatGas_CCS,NaturalGas,1,2029,1.8
ISRAEL,H2_Blue_NatGas_CCS,NaturalGas,1,2030,1.8
ISRAEL,H2_Blue_NatGas_CCS,NaturalGas,1,2031,1.8
ISRAEL,H2_Blue_NatGas_CCS,NaturalGas,1,2032,1.8
ISRAEL,H2_Blue_NatGas_CCS,NaturalGas,1,2033,1.8
ISRAEL,H2_Blue_NatGas_CCS,NaturalGas,1,2034,1.8
ISRAEL,H2_Blue_NatGas_CCS,NaturalGas,1,2035,1.8
ISRAEL,H2_Blue_NatGas_CCS,NaturalGas,1,2036,1.8
ISRAEL,H2_Blue_NatGas_CCS,NaturalGas,1,2037,1.8
ISRAEL,H2_Blue_NatGas_CCS,NaturalGas,1,2038,1.8
ISRAEL,H2_Blue_NatGas_CCS,NaturalGas,1,2039,1.8
ISRAEL,H2_Blue_NatGas_CCS,NaturalGas,1,2040,1.8
ISRAEL,H2_Blue_NatGas_CCS,NaturalGas,1,2041,1.8
ISRAEL,H2_Blue_NatGas_CCS,NaturalGas,1,2042,1.8
ISRAEL,H2_Blue_NatGas_CCS,NaturalGas,1,2043,1.8
ISRAEL,H2_Blue_NatGas_CCS,NaturalGas,1,2044,1.8
ISRAEL,H2_Blue_NatGas_CCS,NaturalGas,1,2045,1.8
ISRAEL,H2_Blue_NatGas_CCS,NaturalGas,1,2046,1.8
ISRAEL,H2_Blue_NatGas_CCS,NaturalGas,1,2047,1.8
ISRAEL,H2_Blue_NatGas_CCS,NaturalGas,1,2048,1.8
ISRAEL,H2_Blue_NatGas_CCS,NaturalGas,1,2049,1.8
ISRAEL,H2_Blue_NatGas_CCS,NaturalGas,1,2050,1.8
ISRAEL,REF_Biodiesel,Biomass,1,2015,1.3
ISRAEL,REF_Biodiesel,Biomass,1,2016,1.3
ISRAEL,REF_Biodiesel,Biomass,1,2017,1.3
ISRAEL,REF_Biodiesel,Biomass,1,2018,1.3
ISRAEL,REF_Biodiesel,Biomass,1,2019,1.3
ISRAEL,REF_Biodiesel,Biomass,1,2020,1.3
ISRAEL,REF_Biodiesel,Biomass,1,2021,1.3
ISRAEL,REF_Biodiesel,Biomass,1,2022,1.3
ISRAEL,REF_Biodiesel,Biomass,1,2023,1.3
ISRAEL,REF_Biodiesel,Biomass,1,2024,1.3
ISRAEL,REF_Biodiesel,Biomass,1,2025,1.3
ISRAEL,REF_Biodiesel,Biomass,1,2026,1.3
ISRAEL,REF_Biodiesel,Biomass,1,2027,1.3
ISRAEL,REF_Biodiesel,Biomass,1,2028,1.3
ISRAEL,REF_Biodiesel,Biomass,1,2029,1.3
ISRAEL,REF_Biodiesel,Biomass,1,2030,1.3
ISRAEL,REF_Biodiesel,Biomass,1,2031,1.3
ISRAEL,REF_Biodiesel,Biomass,1,2032,1.3
ISRAEL,REF_Biodiesel,Biomass,1,2033,1.3
ISRAEL,REF_Biodiesel,Biomass,1,2034,1.3
ISRAEL,REF_Biodiesel,Biomass,1,2035,1.3
ISRAEL,REF_Biodiesel,Biomass,1,2036,1.3
ISRAEL,REF_Biodiesel,Biomass,1,2037,1.3
ISRAEL,REF_Biodiesel,Biomass,1,2038,1.3
ISRAEL,REF_Biodiesel,Biomass,1,2039,1.3
ISRAEL,REF_Biodiesel,Biomass,1,2040,1.3
ISRAEL,REF_Biodiesel,Biomass,1,2041,1.3
ISRAEL,REF_Biodiesel,Biomass,1,2042,1.3
ISRAEL,REF_Biodiesel,Biomass,1,2043,1.3
ISRAEL,REF_Biodiesel,Biomass,1,2044,1.3
ISRAEL,REF_Biodiesel,Biomass,1,2045,1.3
ISRAEL,REF_Biodiesel,Biomass,1,2046,1.3
ISRAEL,REF_Biodiesel,Biomass,1,2047,1.3
ISRAEL,REF_Biodiesel,Biomass,1,2048,1.3
ISRAEL,REF_Biodiesel,Biomass,1,2049,1.3
ISRAEL,REF_Biodiesel,Biomass,1,2050,1.3
ISRAEL,REF_Biodiesel,Electricity,1,2015,0.1
ISRAEL,REF_Biodiesel,Electricity,1,2016,0.1
ISRAEL,REF_Biodiesel,Electricity,1,2017,0.1
ISRAEL,REF_Biodiesel,Electricity,1,2018,0.1
ISRAEL,REF_Biodiesel,Electricity,1,2019,0.1
ISRAEL,REF_Biodiesel,Electricity,1,2020,0.1
ISRAEL,REF_Biodiesel,Electricity,1,2021,0.1
ISRAEL,REF_Biodiesel,Electricity,1,2022,0.1
ISRAEL,REF_Biodiesel,Electricity,1,2023,0.1
ISRAEL,REF_Biodiesel,Electricity,1,2024,0.1
ISRAEL,REF_Biodiesel,Electricity,1,2025,0.1
ISRAEL,REF_Biodiesel,Electricity,1,2026,0.1
ISRAEL,REF_Biodiesel,Electricity,1,2027,0.1
ISRAEL,REF_Biodiesel,Electricity,1,2028,0.1
ISRAEL,REF_Biodiesel,Electricity,1,2029,0.1
ISRAEL,REF_Biodiesel,Electricity,1,2030,0.1
ISRAEL,REF_Biodiesel,Electricity,1,2031,0.1
ISRAEL,REF_Biodiesel,Electricity,1,2032,0.1
ISRAEL,REF_Biodiesel,Electricity,1,2033,0.1
ISRAEL,REF_Biodiesel,Electricity,1,2034,0.1
ISRAEL,REF_Biodiesel,Electricity,1,2035,0.1
ISRAEL,REF_Biodiesel,Electricity,1,2036,0.1
ISRAEL,REF_Biodiesel,Electricity,1,2037,0.1
ISRAEL,REF_Biodiesel,Electricity,1,2038,0.1
ISRAEL,REF_Biodiesel,Electricity,1,2039,0.1
ISRAEL,REF_Biodiesel,Electricity,1,2040,0.1
ISRAEL,REF_Biodiesel,Electricity,1,2041,0.1
ISRAEL,REF_Biodiesel,Electricity,1,2042,0.1
ISRAEL,REF_Biodiesel,Electricity,1,2043,0.1
ISRAEL,REF_Biodiesel,Electricity,1,2044,0.1
ISRAEL,REF_Biodiesel,Electricity,1,2045,0.1
ISRAEL,REF_Biodiesel,Electricity,1,2046,0.1
ISRAEL,REF_Biodiesel,Electricity,1,2047,0.1
ISRAEL,REF_Biodiesel,Electricity,1,2048,0.1
ISRAEL,REF_Biodiesel,Electricity,1,2049,0.1
ISRAEL,REF_Biodiesel,Electricity,1,2050,0.1
ISRAEL,REF_Ethanol,Biomass,1,2015,1.4
ISRAEL,REF_Ethanol,Biomass,1,2016,1.4
ISRAEL,REF_Ethanol,Biomass,1,2017,1.4
ISRAEL,REF_Ethanol,Biomass,1,2018,1.4
ISRAEL,REF_Ethanol,Biomass,1,2019,1.4
ISRAEL,REF_Ethanol,Biomass,1,2020,1.4
ISRAEL,REF_Ethanol,Biomass,1,2021,1.4
ISRAEL,REF_Ethanol,Biomass,1,2022,1.4
ISRAEL,REF_Ethanol,Biomass,1,2023,1.4
ISRAEL,REF_Ethanol,Biomass,1,2024,1.4
ISRAEL,REF_Ethanol,Biomass,1,2025,1.4
ISRAEL,REF_Ethanol,Biomass,1,2026,1.4
ISRAEL,REF_Ethanol,Biomass,1,2027,1.4
ISRAEL,REF_Ethanol,Biomass,1,2028,1.4
ISRAEL,REF_Ethanol,Biomass,1,2029,1.4
ISRAEL,REF_Ethanol,Biomass,1,2030,1.4
ISRAEL,REF_Ethanol,Biomass,1,2031,1.4
ISRAEL,REF_Ethanol,Biomass,1,2032,1.4
ISRAEL,REF_Ethanol,Biomass,1,2033,1.4
ISRAEL,REF_Ethanol,Biomass,1,2034,1.4
ISRAEL,REF_Ethanol,Biomass,1,2035,1.4
ISRAEL,REF_Ethanol,Biomass,1,2036,1.4
ISRAEL,REF_Ethanol,Biomass,1,2037,1.4
ISRAEL,REF_Ethanol,Biomass,1,2038,1.4
ISRAEL,REF_Ethanol,Biomass,1,2039,1.4
ISRAEL,REF_Ethanol,Biomass,1,2040,1.4
ISRAEL,REF_Ethanol,Biomass,1,2041,1.4
ISRAEL,REF_Ethanol,Biomass,1,2042,1.4
ISRAEL,REF_Ethanol,Biomass,1,2043,1.4
ISRAEL,REF_Ethanol,Biomass,1,2044,1.4
ISRAEL,REF_Ethanol,Biomass,1,2045,1.4
ISRAEL,REF_Ethanol,Biomass,1,2046,1.4
ISRAEL,REF_Ethanol,Biomass,1,2047,1.4
ISRAEL,REF_Ethanol,Biomass,1,2048,1.4
ISRAEL,REF_Ethanol,Biomass,1,2049,1.4
ISRAEL,REF_Ethanol,Biomass,1,2050,1.4
ISRAEL,REF_Ethanol,Electricity,1,2015,0.1
ISRAEL,REF_Ethanol,Electricity,1,2016,0.1
ISRAEL,REF_Ethanol,Electricity,1,2017,0.1
ISRAEL,REF_Ethanol,Electricity,1,2018,0.1
ISRAEL,REF_Ethanol,Electricity,1,2019,0.1
ISRAEL,REF_Ethanol,Electricity,1,2020,0.1
ISRAEL,REF_Ethanol,Electricity,1,2021,0.1
ISRAEL,REF_Ethanol,Electricity,1,2022,0.1
ISRAEL,REF_Ethanol,Electricity,1,2023,0.1
ISRAEL,REF_Ethanol,Electricity,1,2024,0.1
ISRAEL,REF_Ethanol,Electricity,1,2025,0.1
ISRAEL,REF_Ethanol,Electricity,1,2026,0.1
ISRAEL,REF_Ethanol,Electricity,1,2027,0.1
ISRAEL,REF_Ethanol,Electricity,1,2028,0.1
ISRAEL,REF_Ethanol,Electricity,1,2029,0.1
ISRAEL,REF_Ethanol,Electricity,1,2030,0.1
ISRAEL,REF_Ethanol,Electricity,1,2031,0.1
ISRAEL,REF_Ethanol,Electricity,1,2032,0.1
ISRAEL,REF_Ethanol,Electricity,1,2033,0.1
ISRAEL,REF_Ethanol,Electricity,1,2034,0.1
ISRAEL,REF_Ethanol,Electricity,1,2035,0.1
ISRAEL,REF_Ethanol,Electricity,1,2036,0.1
ISRAEL,REF_Ethanol,Electricity,1,2037,0.1
ISRAEL,REF_Ethanol,Electricity,1,2038,0.1
ISRAEL,REF_Ethanol,Electricity,1,2039,0.1
ISRAEL,REF_Ethanol,Electricity,1,2040,0.1
ISRAEL,REF_Ethanol,Electricity,1,2041,0.1
ISRAEL,REF_Ethanol,Electricity,1,2042,0.1
ISRAEL,REF_Ethanol,Electricity,1,2043,0.1
ISRAEL,REF_Ethanol,Electricity,1,2044,0.1
ISRAEL,REF_Ethanol,Electricity,1,2045,0.1
ISRAEL,REF_Ethanol,Electricity,1,2046,0.1
ISRAEL,REF_Ethanol,Electricity,1,2047,0.1
ISRAEL,REF_Ethanol,Electricity,1,2048,0.1
ISRAEL,REF_Ethanol,Electricity,1,2049,0.1
ISRAEL,REF_Ethanol,Electricity,1,2050,0.1
ISRAEL,REF_SAF,Hydrogen,1,2015,1.5
ISRAEL,REF_SAF,Hydrogen,1,2016,1.5
ISRAEL,REF_SAF,Hydrogen,1,2017,1.5
ISRAEL,REF_SAF,Hydrogen,1,2018,1.5
ISRAEL,REF_SAF,Hydrogen,1,2019,1.5
ISRAEL,REF_SAF,Hydrogen,1,2020,1.5
ISRAEL,REF_SAF,Hydrogen,1,2021,1.5
ISRAEL,REF_SAF,Hydrogen,1,2022,1.5
ISRAEL,REF_SAF,Hydrogen,1,2023,1.5
ISRAEL,REF_SAF,Hydrogen,1,2024,1.5
ISRAEL,REF_SAF,Hydrogen,1,2025,1.5
ISRAEL,REF_SAF,Hydrogen,1,2026,1.5
ISRAEL,REF_SAF,Hydrogen,1,2027,1.5
ISRAEL,REF_SAF,Hydrogen,1,2028,1.5
ISRAEL,REF_SAF,Hydrogen,1,2029,1.5
ISRAEL,REF_SAF,Hydrogen,1,2030,1.5
ISRAEL,REF_SAF,Hydrogen,1,2031,1.5
ISRAEL,REF_SAF,Hydrogen,1,2032,1.5
ISRAEL,REF_SAF,Hydrogen,1,2033,1.5
ISRAEL,REF_SAF,Hydrogen,1,2034,1.5
ISRAEL,REF_SAF,Hydrogen,1,2035,1.5
ISRAEL,REF_SAF,Hydrogen,1,2036,1.5
ISRAEL,REF_SAF,Hydrogen,1,2037,1.5
ISRAEL,REF_SAF,Hydrogen,1,2038,1.5
ISRAEL,REF_SAF,Hydrogen,1,2039,1.5
ISRAEL,REF_SAF,Hydrogen,1,2040,1.5
ISRAEL,REF_SAF,Hydrogen,1,2041,1.5
ISRAEL,REF_SAF,Hydrogen,1,2042,1.5
ISRAEL,REF_SAF,Hydrogen,1,2043,1.5
ISRAEL,REF_SAF,Hydrogen,1,2044,1.5
ISRAEL,REF_SAF,Hydrogen,1,2045,1.5
ISRAEL,REF_SAF,Hydrogen,1,2046,1.5
ISRAEL,REF_SAF,Hydrogen,1,2047,1.5
ISRAEL,REF_SAF,Hydrogen,1,2048,1.5
ISRAEL,REF_SAF,Hydrogen,1,2049,1.5
ISRAEL,REF_SAF,Hydrogen,1,2050,1.5
ISRAEL,REF_SAF,Electricity,1,2015,0.2
ISRAEL,REF_SAF,Electricity,1,2016,0.2
ISRAEL,REF_SAF,Electricity,1,2017,0.2
ISRAEL,REF_SAF,Electricity,1,2018,0.2
ISRAEL,REF_SAF,Electricity,1,2019,0.2
ISRAEL,REF_SAF,Electricity,1,2020,0.2
ISRAEL,REF_SAF,Electricity,1,2021,0.2
ISRAEL,REF_SAF,Electricity,1,2022,0.2
ISRAEL,REF_SAF,Electricity,1,2023,0.2
ISRAEL,REF_SAF,Electricity,1,2024,0.2
ISRAEL,REF_SAF,Electricity,1,2025,0.2
ISRAEL,REF_SAF,Electricity,1,2026,0.2
ISRAEL,REF_SAF,Electricity,1,2027,0.2
ISRAEL,REF_SAF,Electricity,1,2028,0.2
ISRAEL,REF_SAF,Electricity,1,2029,0.2
ISRAEL,REF_SAF,Electricity,1,2030,0.2
ISRAEL,REF_SAF,Electricity,1,2031,0.2
ISRAEL,REF_SAF,Electricity,1,2032,0.2
ISRAEL,REF_SAF,Electricity,1,2033,0.2
ISRAEL,REF_SAF,Electricity,1,2034,0.2
ISRAEL,REF_SAF,Electricity,1,2035,0.2
ISRAEL,REF_SAF,Electricity,1,2036,0.2
ISRAEL,REF_SAF,Electricity,1,2037,0.2
ISRAEL,REF_SAF,Electricity,1,2038,0.2
ISRAEL,REF_SAF,Electricity,1,2039,0.2
ISRAEL,REF_SAF,Electricity,1,2040,0.2
ISRAEL,REF_SAF,Electricity,1,2041,0.2
ISRAEL,REF_SAF,Electricity,1,2042,0.2
ISRAEL,REF_SAF,Electricity,1,2043,0.2
ISRAEL,REF_SAF,Electricity,1,2044,0.2
ISRAEL,REF_SAF,Electricity,1,2045,0.2
ISRAEL,REF_SAF,Electricity,1,2046,0.2
ISRAEL,REF_SAF,Electricity,1,2047,0.2
ISRAEL,REF_SAF,Electricity,1,2048,0.2
ISRAEL,REF_SAF,Electricity,1,2049,0.2
ISRAEL,REF_SAF,Electricity,1,2050,0.2
ISRAEL,REF_SyntheticDiesel,Hydrogen,1,2015,1.4
ISRAEL,REF_SyntheticDiesel,Hydrogen,1,2016,1.4
ISRAEL,REF_SyntheticDiesel,Hydrogen,1,2017,1.4
ISRAEL,REF_SyntheticDiesel,Hydrogen,1,2018,1.4
ISRAEL,REF_SyntheticDiesel,Hydrogen,1,2019,1.4
ISRAEL,REF_SyntheticDiesel,Hydrogen,1,2020,1.4
ISRAEL,REF_SyntheticDiesel,Hydrogen,1,2021,1.4
ISRAEL,REF_SyntheticDiesel,Hydrogen,1,2022,1.4
ISRAEL,REF_SyntheticDiesel,Hydrogen,1,2023,1.4
ISRAEL,REF_SyntheticDiesel,Hydrogen,1,2024,1.4
ISRAEL,REF_SyntheticDiesel,Hydrogen,1,2025,1.4
ISRAEL,REF_SyntheticDiesel,Hydrogen,1,2026,1.4
ISRAEL,REF_SyntheticDiesel,Hydrogen,1,2027,1.4
ISRAEL,REF_SyntheticDiesel,Hydrogen,1,2028,1.4
ISRAEL,REF_SyntheticDiesel,Hydrogen,1,2029,1.4
ISRAEL,REF_SyntheticDiesel,Hydrogen,1,2030,1.4
ISRAEL,REF_SyntheticDiesel,Hydrogen,1,2031,1.4
ISRAEL,REF_SyntheticDiesel,Hydrogen,1,2032,1.4
ISRAEL,REF_SyntheticDiesel,Hydrogen,1,2033,1.4
ISRAEL,REF_SyntheticDiesel,Hydrogen,1,2034,1.4
ISRAEL,REF_SyntheticDiesel,Hydrogen,1,2035,1.4
ISRAEL,REF_SyntheticDiesel,Hydrogen,1,2036,1.4
ISRAEL,REF_SyntheticDiesel,Hydrogen,1,2037,1.4
ISRAEL,REF_SyntheticDiesel,Hydrogen,1,2038,1.4
ISRAEL,REF_SyntheticDiesel,Hydrogen,1,2039,1.4
ISRAEL,REF_SyntheticDiesel,Hydrogen,1,2040,1.4
ISRAEL,REF_SyntheticDiesel,Hydrogen,1,2041,1.4
ISRAEL,REF_SyntheticDiesel,Hydrogen,1,2042,1.4
ISRAEL,REF_SyntheticDiesel,Hydrogen,1,2043,1.4
ISRAEL,REF_SyntheticDiesel,Hydrogen,1,2044,1.4
ISRAEL,REF_SyntheticDiesel,Hydrogen,1,2045,1.4
ISRAEL,REF_SyntheticDiesel,Hydrogen,1,2046,1.4
ISRAEL,REF_SyntheticDiesel,Hydrogen,1,2047,1.4
ISRAEL,REF_SyntheticDiesel,Hydrogen,1,2048,1.4
ISRAEL,REF_SyntheticDiesel,Hydrogen,1,2049,1.4
ISRAEL,REF_SyntheticDiesel,Hydrogen,1,2050,1.4
ISRAEL,REF_SyntheticDiesel,Electricity,1,2015,0.2
ISRAEL,REF_SyntheticDiesel,Electricity,1,2016,0.2
ISRAEL,REF_SyntheticDiesel,Electricity,1,2017,0.2
ISRAEL,REF_SyntheticDiesel,Electricity,1,2018,0.2
ISRAEL,REF_SyntheticDiesel,Electricity,1,2019,0.2
ISRAEL,REF_SyntheticDiesel,Electricity,1,2020,0.2
ISRAEL,REF_SyntheticDiesel,Electricity,1,2021,0.2
ISRAEL,REF_SyntheticDiesel,Electricity,1,2022,0.2
ISRAEL,REF_SyntheticDiesel,Electricity,1,2023,0.2
ISRAEL,REF_SyntheticDiesel,Electricity,1,2024,0.2
ISRAEL,REF_SyntheticDiesel,Electricity,1,2025,0.2
ISRAEL,REF_SyntheticDiesel,Electricity,1,2026,0.2
ISRAEL,REF_SyntheticDiesel,Electricity,1,2027,0.2
ISRAEL,REF_SyntheticDiesel,Electricity,1,2028,0.2
ISRAEL,REF_SyntheticDiesel,Electricity,1,2029,0.2
ISRAEL,REF_SyntheticDiesel,Electricity,1,2030,0.2
ISRAEL,REF_SyntheticDiesel,Electricity,1,2031,0.2
ISRAEL,REF_SyntheticDiesel,Electricity,1,2032,0.2
ISRAEL,REF_SyntheticDiesel,Electricity,1,2033,0.2
ISRAEL,REF_SyntheticDiesel,Electricity,1,2034,0.2
ISRAEL,REF_SyntheticDiesel,Electricity,1,2035,0.2
ISRAEL,REF_SyntheticDiesel,Electricity,1,2036,0.2
ISRAEL,REF_SyntheticDiesel,Electricity,1,2037,0.2
ISRAEL,REF_SyntheticDiesel,Electricity,1,2038,0.2
ISRAEL,REF_SyntheticDiesel,Electricity,1,2039,0.2
ISRAEL,REF_SyntheticDiesel,Electricity,1,2040,0.2
ISRAEL,REF_SyntheticDiesel,Electricity,1,2041,0.2
ISRAEL,REF_SyntheticDiesel,Electricity,1,2042,0.2
ISRAEL,REF_SyntheticDiesel,Electricity,1,2043,0.2
ISRAEL,REF_SyntheticDiesel,Electricity,1,2044,0.2
ISRAEL,REF_SyntheticDiesel,Electricity,1,2045,0.2
ISRAEL,REF_SyntheticDiesel,Electricity,1,2046,0.2
ISRAEL,REF_SyntheticDiesel,Electricity,1,2047,0.2
ISRAEL,REF_SyntheticDiesel,Electricity,1,2048,0.2
ISRAEL,REF_SyntheticDiesel,Electricity,1,2049,0.2
ISRAEL,REF_SyntheticDiesel,Electricity,1,2050,0.2
ISRAEL,REF_Methanol,Hydrogen,1,2015,1.3
ISRAEL,REF_Methanol,Hydrogen,1,2016,1.3
ISRAEL,REF_Methanol,Hydrogen,1,2017,1.3
ISRAEL,REF_Methanol,Hydrogen,1,2018,1.3
ISRAEL,REF_Methanol,Hydrogen,1,2019,1.3
ISRAEL,REF_Methanol,Hydrogen,1,2020,1.3
ISRAEL,REF_Methanol,Hydrogen,1,2021,1.3
ISRAEL,REF_Methanol,Hydrogen,1,2022,1.3
ISRAEL,REF_Methanol,Hydrogen,1,2023,1.3
ISRAEL,REF_Methanol,Hydrogen,1,2024,1.3
ISRAEL,REF_Methanol,Hydrogen,1,2025,1.3
ISRAEL,REF_Methanol,Hydrogen,1,2026,1.3
ISRAEL,REF_Methanol,Hydrogen,1,2027,1.3
ISRAEL,REF_Methanol,Hydrogen,1,2028,1.3
ISRAEL,REF_Methanol,Hydrogen,1,2029,1.3
ISRAEL,REF_Methanol,Hydrogen,1,2030,1.3
ISRAEL,REF_Methanol,Hydrogen,1,2031,1.3
ISRAEL,REF_Methanol,Hydrogen,1,2032,1.3
ISRAEL,REF_Methanol,Hydrogen,1,2033,1.3
ISRAEL,REF_Methanol,Hydrogen,1,2034,1.3
ISRAEL,REF_Methanol,Hydrogen,1,2035,1.3
ISRAEL,REF_Methanol,Hydrogen,1,2036,1.3
ISRAEL,REF_Methanol,Hydrogen,1,2037,1.3
ISRAEL,REF_Methanol,Hydrogen,1,2038,1.3
ISRAEL,REF_Methanol,Hydrogen,1,2039,1.3
ISRAEL,REF_Methanol,Hydrogen,1,2040,1.3
ISRAEL,REF_Methanol,Hydrogen,1,2041,1.3
ISRAEL,REF_Methanol,Hydrogen,1,2042,1.3
ISRAEL,REF_Methanol,Hydrogen,1,2043,1.3
ISRAEL,REF_Methanol,Hydrogen,1,2044,1.3
ISRAEL,REF_Methanol,Hydrogen,1,2045,1.3
ISRAEL,REF_Methanol,Hydrogen,1,2046,1.3
ISRAEL,REF_Methanol,Hydrogen,1,2047,1.3
ISRAEL,REF_Methanol,Hydrogen,1,2048,1.3
ISRAEL,REF_Methanol,Hydrogen,1,2049,1.3
ISRAEL,REF_Methanol,Hydrogen,1,2050,1.3
ISRAEL,REF_Methanol,Electricity,1,2015,0.15
ISRAEL,REF_Methanol,Electricity,1,2016,0.15
ISRAEL,REF_Methanol,Electricity,1,2017,0.15
ISRAEL,REF_Methanol,Electricity,1,2018,0.15
ISRAEL,REF_Methanol,Electricity,1,2019,0.15
ISRAEL,REF_Methanol,Electricity,1,2020,0.15
ISRAEL,REF_Methanol,Electricity,1,2021,0.15
ISRAEL,REF_Methanol,Electricity,1,2022,0.15
ISRAEL,REF_Methanol,Electricity,1,2023,0.15
ISRAEL,REF_Methanol,Electricity,1,2024,0.15
ISRAEL,REF_Methanol,Electricity,1,2025,0.15
ISRAEL,REF_Methanol,Electricity,1,2026,0.15
ISRAEL,REF_Methanol,Electricity,1,2027,0.15
ISRAEL,REF_Methanol,Electricity,1,2028,0.15
ISRAEL,REF_Methanol,Electricity,1,2029,0.15
ISRAEL,REF_Methanol,Electricity,1,2030,0.15
ISRAEL,REF_Methanol,Electricity,1,2031,0.15
ISRAEL,REF_Methanol,Electricity,1,2032,0.15
ISRAEL,REF_Methanol,Electricity,1,2033,0.15
ISRAEL,REF_Methanol,Electricity,1,2034,0.15
ISRAEL,REF_Methanol,Electricity,1,2035,0.15
ISRAEL,REF_Methanol,Electricity,1,2036,0.15
ISRAEL,REF_Methanol,Electricity,1,2037,0.15
ISRAEL,REF_Methanol,Electricity,1,2038,0.15
ISRAEL,REF_Methanol,Electricity,1,2039,0.15
ISRAEL,REF_Methanol,Electricity,1,2040,0.15
ISRAEL,REF_Methanol,Electricity,1,2041,0.15
ISRAEL,REF_Methanol,Electricity,1,2042,0.15
ISRAEL,REF_Methanol,Electricity,1,2043,0.15
ISRAEL,REF_Methanol,Electricity,1,2044,0.15
ISRAEL,REF_Methanol,Electricity,1,2045,0.15
ISRAEL,REF_Methanol,Electricity,1,2046,0.15
ISRAEL,REF_Methanol,Electricity,1,2047,0.15
ISRAEL,REF_Methanol,Electricity,1,2048,0.15
ISRAEL,REF_Methanol,Electricity,1,2049,0.15
ISRAEL,REF_Methanol,Electricity,1,2050,0.15
ISRAEL,REF_Ammonia,Hydrogen,1,2015,1.2
ISRAEL,REF_Ammonia,Hydrogen,1,2016,1.2
ISRAEL,REF_Ammonia,Hydrogen,1,2017,1.2
ISRAEL,REF_Ammonia,Hydrogen,1,2018,1.2
ISRAEL,REF_Ammonia,Hydrogen,1,2019,1.2
ISRAEL,REF_Ammonia,Hydrogen,1,2020,1.2
ISRAEL,REF_Ammonia,Hydrogen,1,2021,1.2
ISRAEL,REF_Ammonia,Hydrogen,1,2022,1.2
ISRAEL,REF_Ammonia,Hydrogen,1,2023,1.2
ISRAEL,REF_Ammonia,Hydrogen,1,2024,1.2
ISRAEL,REF_Ammonia,Hydrogen,1,2025,1.2
ISRAEL,REF_Ammonia,Hydrogen,1,2026,1.2
ISRAEL,REF_Ammonia,Hydrogen,1,2027,1.2
ISRAEL,REF_Ammonia,Hydrogen,1,2028,1.2
ISRAEL,REF_Ammonia,Hydrogen,1,2029,1.2
ISRAEL,REF_Ammonia,Hydrogen,1,2030,1.2
ISRAEL,REF_Ammonia,Hydrogen,1,2031,1.2
ISRAEL,REF_Ammonia,Hydrogen,1,2032,1.2
ISRAEL,REF_Ammonia,Hydrogen,1,2033,1.2
ISRAEL,REF_Ammonia,Hydrogen,1,2034,1.2
ISRAEL,REF_Ammonia,Hydrogen,1,2035,1.2
ISRAEL,REF_Ammonia,Hydrogen,1,2036,1.2
ISRAEL,REF_Ammonia,Hydrogen,1,2037,1.2
ISRAEL,REF_Ammonia,Hydrogen,1,2038,1.2
ISRAEL,REF_Ammonia,Hydrogen,1,2039,1.2
ISRAEL,REF_Ammonia,Hydrogen,1,2040,1.2
ISRAEL,REF_Ammonia,Hydrogen,1,2041,1.2
ISRAEL,REF_Ammonia,Hydrogen,1,2042,1.2
ISRAEL,REF_Ammonia,Hydrogen,1,2043,1.2
ISRAEL,REF_Ammonia,Hydrogen,1,2044,1.2
ISRAEL,REF_Ammonia,Hydrogen,1,2045,1.2
ISRAEL,REF_Ammonia,Hydrogen,1,2046,1.2
ISRAEL,REF_Ammonia,Hydrogen,1,2047,1.2
ISRAEL,REF_Ammonia,Hydrogen,1,2048,1.2
ISRAEL,REF_Ammonia,Hydrogen,1,2049,1.2
ISRAEL,REF_Ammonia,Hydrogen,1,2050,1.2
ISRAEL,REF_Ammonia,Electricity,1,2015,0.15
ISRAEL,REF_Ammonia,Electricity,1,2016,0.15
ISRAEL,REF_Ammonia,Electricity,1,2017,0.15
ISRAEL,REF_Ammonia,Electricity,1,2018,0.15
ISRAEL,REF_Ammonia,Electricity,1,2019,0.15
ISRAEL,REF_Ammonia,Electricity,1,2020,0.15
ISRAEL,REF_Ammonia,Electricity,1,2021,0.15
ISRAEL,REF_Ammonia,Electricity,1,2022,0.15
ISRAEL,REF_Ammonia,Electricity,1,2023,0.15
ISRAEL,REF_Ammonia,Electricity,1,2024,0.15
ISRAEL,REF_Ammonia,Electricity,1,2025,0.15
ISRAEL,REF_Ammonia,Electricity,1,2026,0.15
ISRAEL,REF_Ammonia,Electricity,1,2027,0.15
ISRAEL,REF_Ammonia,Electricity,1,2028,0.15
ISRAEL,REF_Ammonia,Electricity,1,2029,0.15
ISRAEL,REF_Ammonia,Electricity,1,2030,0.15
ISRAEL,REF_Ammonia,Electricity,1,2031,0.15
ISRAEL,REF_Ammonia,Electricity,1,2032,0.15
ISRAEL,REF_Ammonia,Electricity,1,2033,0.15
ISRAEL,REF_Ammonia,Electricity,1,2034,0.15
ISRAEL,REF_Ammonia,Electricity,1,2035,0.15
ISRAEL,REF_Ammonia,Electricity,1,2036,0.15
ISRAEL,REF_Ammonia,Electricity,1,2037,0.15
ISRAEL,REF_Ammonia,Electricity,1,2038,0.15
ISRAEL,REF_Ammonia,Electricity,1,2039,0.15
ISRAEL,REF_Ammonia,Electricity,1,2040,0.15
ISRAEL,REF_Ammonia,Electricity,1,2041,0.15
ISRAEL,REF_Ammonia,Electricity,1,2042,0.15
ISRAEL,REF_Ammonia,Electricity,1,2043,0.15
ISRAEL,REF_Ammonia,Electricity,1,2044,0.15
ISRAEL,REF_Ammonia,Electricity,1,2045,0.15
ISRAEL,REF_Ammonia,Electricity,1,2046,0.15
ISRAEL,REF_Ammonia,Electricity,1,2047,0.15
ISRAEL,REF_Ammonia,Electricity,1,2048,0.15
ISRAEL,REF_Ammonia,Electricity,1,2049,0.15
ISRAEL,REF_Ammonia,Electricity,1,2050,0.15
ISRAEL,DST_Diesel,Diesel,1,2015,1.01
ISRAEL,DST_Diesel,Diesel,1,2016,1.01
ISRAEL,DST_Diesel,Diesel,1,2017,1.01
ISRAEL,DST_Diesel,Diesel,1,2018,1.01
ISRAEL,DST_Diesel,Diesel,1,2019,1.01
ISRAEL,DST_Diesel,Diesel,1,2020,1.01
ISRAEL,DST_Diesel,Diesel,1,2021,1.01
ISRAEL,DST_Diesel,Diesel,1,2022,1.01
ISRAEL,DST_Diesel,Diesel,1,2023,1.01
ISRAEL,DST_Diesel,Diesel,1,2024,1.01
ISRAEL,DST_Diesel,Diesel,1,2025,1.01
ISRAEL,DST_Diesel,Diesel,1,2026,1.01
ISRAEL,DST_Diesel,Diesel,1,2027,1.01
ISRAEL,DST_Diesel,Diesel,1,2028,1.01
ISRAEL,DST_Diesel,Diesel,1,2029,1.01
ISRAEL,DST_Diesel,Diesel,1,2030,1.01
ISRAEL,DST_Diesel,Diesel,1,2031,1.01
ISRAEL,DST_Diesel,Diesel,1,2032,1.01
ISRAEL,DST_Diesel,Diesel,1,2033,1.01
ISRAEL,DST_Diesel,Diesel,1,2034,1.01
ISRAEL,DST_Diesel,Diesel,1,2035,1.01
ISRAEL,DST_Diesel,Diesel,1,2036,1.01
ISRAEL,DST_Diesel,Diesel,1,2037,1.01
ISRAEL,DST_Diesel,Diesel,1,2038,1.01
ISRAEL,DST_Diesel,Diesel,1,2039,1.01
ISRAEL,DST_Diesel,Diesel,1,2040,1.01
ISRAEL,DST_Diesel,Diesel,1,2041,1.01
ISRAEL,DST_Diesel,Diesel,1,2042,1.01
ISRAEL,DST_Diesel,Diesel,1,2043,1.01
ISRAEL,DST_Diesel,Diesel,1,2044,1.01
ISRAEL,DST_Diesel,Diesel,1,2045,1.01
ISRAEL,DST_Diesel,Diesel,1,2046,1.01
ISRAEL,DST_Diesel,Diesel,1,2047,1.01
ISRAEL,DST_Diesel,Diesel,1,2048,1.01
ISRAEL,DST_Diesel,Diesel,1,2049,1.01
ISRAEL,DST_Diesel,Diesel,1,2050,1.01
ISRAEL,DST_Gasoline,Gasoline,1,2015,1.01
ISRAEL,DST_Gasoline,Gasoline,1,2016,1.01
ISRAEL,DST_Gasoline,Gasoline,1,2017,1.01
ISRAEL,DST_Gasoline,Gasoline,1,2018,1.01
ISRAEL,DST_Gasoline,Gasoline,1,2019,1.01
ISRAEL,DST_Gasoline,Gasoline,1,2020,1.01
ISRAEL,DST_Gasoline,Gasoline,1,2021,1.01
ISRAEL,DST_Gasoline,Gasoline,1,2022,1.01
ISRAEL,DST_Gasoline,Gasoline,1,2023,1.01
ISRAEL,DST_Gasoline,Gasoline,1,2024,1.01
ISRAEL,DST_Gasoline,Gasoline,1,2025,1.01
ISRAEL,DST_Gasoline,Gasoline,1,2026,1.01
ISRAEL,DST_Gasoline,Gasoline,1,2027,1.01
ISRAEL,DST_Gasoline,Gasoline,1,2028,1.01
ISRAEL,DST_Gasoline,Gasoline,1,2029,1.01
ISRAEL,DST_Gasoline,Gasoline,1,2030,1.01
ISRAEL,DST_Gasoline,Gasoline,1,2031,1.01
ISRAEL,DST_Gasoline,Gasoline,1,2032,1.01
ISRAEL,DST_Gasoline,Gasoline,1,2033,1.01
ISRAEL,DST_Gasoline,Gasoline,1,2034,1.01
ISRAEL,DST_Gasoline,Gasoline,1,2035,1.01
ISRAEL,DST_Gasoline,Gasoline,1,2036,1.01
ISRAEL,DST_Gasoline,Gasoline,1,2037,1.01
ISRAEL,DST_Gasoline,Gasoline,1,2038,1.01
ISRAEL,DST_Gasoline,Gasoline,1,2039,1.01
ISRAEL,DST_Gasoline,Gasoline,1,2040,1.01
ISRAEL,DST_Gasoline,Gasoline,1,2041,1.01
ISRAEL,DST_Gasoline,Gasoline,1,2042,1.01
ISRAEL,DST_Gasoline,Gasoline,1,2043,1.01
ISRAEL,DST_Gasoline,Gasoline,1,2044,1.01
ISRAEL,DST_Gasoline,Gasoline,1,2045,1.01
ISRAEL,DST_Gasoline,Gasoline,1,2046,1.01
ISRAEL,DST_Gasoline,Gasoline,1,2047,1.01
ISRAEL,DST_Gasoline,Gasoline,1,2048,1.01
ISRAEL,DST_Gasoline,Gasoline,1,2049,1.01
ISRAEL,DST_Gasoline,Gasoline,1,2050,1.01
ISRAEL,DST_LPG,LPG,1,2015,1.01
ISRAEL,DST_LPG,LPG,1,2016,1.01
ISRAEL,DST_LPG,LPG,1,2017,1.01
ISRAEL,DST_LPG,LPG,1,2018,1.01
ISRAEL,DST_LPG,LPG,1,2019,1.01
ISRAEL,DST_LPG,LPG,1,2020,1.01
ISRAEL,DST_LPG,LPG,1,2021,1.01
ISRAEL,DST_LPG,LPG,1,2022,1.01
ISRAEL,DST_LPG,LPG,1,2023,1.01
ISRAEL,DST_LPG,LPG,1,2024,1.01
ISRAEL,DST_LPG,LPG,1,2025,1.01
ISRAEL,DST_LPG,LPG,1,2026,1.01
ISRAEL,DST_LPG,LPG,1,2027,1.01
ISRAEL,DST_LPG,LPG,1,2028,1.01
ISRAEL,DST_LPG,LPG,1,2029,1.01
ISRAEL,DST_LPG,LPG,1,2030,1.01
ISRAEL,DST_LPG,LPG,1,2031,1.01
ISRAEL,DST_LPG,LPG,1,2032,1.01
ISRAEL,DST_LPG,LPG,1,2033,1.01
ISRAEL,DST_LPG,LPG,1,2034,1.01
ISRAEL,DST_LPG,LPG,1,2035,1.01
ISRAEL,DST_LPG,LPG,1,2036,1.01
ISRAEL,DST_LPG,LPG,1,2037,1.01
ISRAEL,DST_LPG,LPG,1,2038,1.01
ISRAEL,DST_LPG,LPG,1,2039,1.01
ISRAEL,DST_LPG,LPG,1,2040,1.01
ISRAEL,DST_LPG,LPG,1,2041,1.01
ISRAEL,DST_LPG,LPG,1,2042,1.01
ISRAEL,DST_LPG,LPG,1,2043,1.01
ISRAEL,DST_LPG,LPG,1,2044,1.01
ISRAEL,DST_LPG,LPG,1,2045,1.01
ISRAEL,DST_LPG,LPG,1,2046,1.01
ISRAEL,DST_LPG,LPG,1,2047,1.01
ISRAEL,DST_LPG,LPG,1,2048,1.01
ISRAEL,DST_LPG,LPG,1,2049,1.01
ISRAEL,DST_LPG,LPG,1,2050,1.01
ISRAEL,DST_JetFuel,JetFuel,1,2015,1.01
ISRAEL,DST_JetFuel,JetFuel,1,2016,1.01
ISRAEL,DST_JetFuel,JetFuel,1,2017,1.01
ISRAEL,DST_JetFuel,JetFuel,1,2018,1.01
ISRAEL,DST_JetFuel,JetFuel,1,2019,1.01
ISRAEL,DST_JetFuel,JetFuel,1,2020,1.01
ISRAEL,DST_JetFuel,JetFuel,1,2021,1.01
ISRAEL,DST_JetFuel,JetFuel,1,2022,1.01
ISRAEL,DST_JetFuel,JetFuel,1,2023,1.01
ISRAEL,DST_JetFuel,JetFuel,1,2024,1.01
ISRAEL,DST_JetFuel,JetFuel,1,2025,1.01
ISRAEL,DST_JetFuel,JetFuel,1,2026,1.01
ISRAEL,DST_JetFuel,JetFuel,1,2027,1.01
ISRAEL,DST_JetFuel,JetFuel,1,2028,1.01
ISRAEL,DST_JetFuel,JetFuel,1,2029,1.01
ISRAEL,DST_JetFuel,JetFuel,1,2030,1.01
ISRAEL,DST_JetFuel,JetFuel,1,2031,1.01
ISRAEL,DST_JetFuel,JetFuel,1,2032,1.01
ISRAEL,DST_JetFuel,JetFuel,1,2033,1.01
ISRAEL,DST_JetFuel,JetFuel,1,2034,1.01
ISRAEL,DST_JetFuel,JetFuel,1,2035,1.01
ISRAEL,DST_JetFuel,JetFuel,1,2036,1.01
ISRAEL,DST_JetFuel,JetFuel,1,2037,1.01
ISRAEL,DST_JetFuel,JetFuel,1,2038,1.01
ISRAEL,DST_JetFuel,JetFuel,1,2039,1.01
ISRAEL,DST_JetFuel,JetFuel,1,2040,1.01
ISRAEL,DST_JetFuel,JetFuel,1,2041,1.01
ISRAEL,DST_JetFuel,JetFuel,1,2042,1.01
ISRAEL,DST_JetFuel,JetFuel,1,2043,1.01
ISRAEL,DST_JetFuel,JetFuel,1,2044,1.01
ISRAEL,DST_JetFuel,JetFuel,1,2045,1.01
ISRAEL,DST_JetFuel,JetFuel,1,2046,1.01
ISRAEL,DST_JetFuel,JetFuel,1,2047,1.01
ISRAEL,DST_JetFuel,JetFuel,1,2048,1.01
ISRAEL,DST_JetFuel,JetFuel,1,2049,1.01
ISRAEL,DST_JetFuel,JetFuel,1,2050,1.01
ISRAEL,DST_Hydrogen,Hydrogen,1,2015,1.05
ISRAEL,DST_Hydrogen,Hydrogen,1,2016,1.05
ISRAEL,DST_Hydrogen,Hydrogen,1,2017,1.05
ISRAEL,DST_Hydrogen,Hydrogen,1,2018,1.05
ISRAEL,DST_Hydrogen,Hydrogen,1,2019,1.05
ISRAEL,DST_Hydrogen,Hydrogen,1,2020,1.05
ISRAEL,DST_Hydrogen,Hydrogen,1,2021,1.05
ISRAEL,DST_Hydrogen,Hydrogen,1,2022,1.05
ISRAEL,DST_Hydrogen,Hydrogen,1,2023,1.05
ISRAEL,DST_Hydrogen,Hydrogen,1,2024,1.05
ISRAEL,DST_Hydrogen,Hydrogen,1,2025,1.05
ISRAEL,DST_Hydrogen,Hydrogen,1,2026,1.05
ISRAEL,DST_Hydrogen,Hydrogen,1,2027,1.05
ISRAEL,DST_Hydrogen,Hydrogen,1,2028,1.05
ISRAEL,DST_Hydrogen,Hydrogen,1,2029,1.05
ISRAEL,DST_Hydrogen,Hydrogen,1,2030,1.05
ISRAEL,DST_Hydrogen,Hydrogen,1,2031,1.05
ISRAEL,DST_Hydrogen,Hydrogen,1,2032,1.05
ISRAEL,DST_Hydrogen,Hydrogen,1,2033,1.05
ISRAEL,DST_Hydrogen,Hydrogen,1,2034,1.05
ISRAEL,DST_Hydrogen,Hydrogen,1,2035,1.05
ISRAEL,DST_Hydrogen,Hydrogen,1,2036,1.05
ISRAEL,DST_Hydrogen,Hydrogen,1,2037,1.05
ISRAEL,DST_Hydrogen,Hydrogen,1,2038,1.05
ISRAEL,DST_Hydrogen,Hydrogen,1,2039,1.05
ISRAEL,DST_Hydrogen,Hydrogen,1,2040,1.05
ISRAEL,DST_Hydrogen,Hydrogen,1,2041,1.05
ISRAEL,DST_Hydrogen,Hydrogen,1,2042,1.05
ISRAEL,DST_Hydrogen,Hydrogen,1,2043,1.05
ISRAEL,DST_Hydrogen,Hydrogen,1,2044,1.05
ISRAEL,DST_Hydrogen,Hydrogen,1,2045,1.05
ISRAEL,DST_Hydrogen,Hydrogen,1,2046,1.05
ISRAEL,DST_Hydrogen,Hydrogen,1,2047,1.05
ISRAEL,DST_Hydrogen,Hydrogen,1,2048,1.05
ISRAEL,DST_Hydrogen,Hydrogen,1,2049,1.05
ISRAEL,DST_Hydrogen,Hydrogen,1,2050,1.05
ISRAEL,TRA_Car_Gasoline,Gasoline,1,2015,1.0
ISRAEL,TRA_Car_Gasoline,Gasoline,1,2016,1.0
ISRAEL,TRA_Car_Gasoline,Gasoline,1,2017,1.0
ISRAEL,TRA_Car_Gasoline,Gasoline,1,2018,1.0
ISRAEL,TRA_Car_Gasoline,Gasoline,1,2019,1.0
ISRAEL,TRA_Car_Gasoline,Gasoline,1,2020,1.0
ISRAEL,TRA_Car_Gasoline,Gasoline,1,2021,1.0
ISRAEL,TRA_Car_Gasoline,Gasoline,1,2022,1.0
ISRAEL,TRA_Car_Gasoline,Gasoline,1,2023,1.0
ISRAEL,TRA_Car_Gasoline,Gasoline,1,2024,1.0
ISRAEL,TRA_Car_Gasoline,Gasoline,1,2025,1.0
ISRAEL,TRA_Car_Gasoline,Gasoline,1,2026,1.0
ISRAEL,TRA_Car_Gasoline,Gasoline,1,2027,1.0
ISRAEL,TRA_Car_Gasoline,Gasoline,1,2028,1.0
ISRAEL,TRA_Car_Gasoline,Gasoline,1,2029,1.0
ISRAEL,TRA_Car_Gasoline,Gasoline,1,2030,1.0
ISRAEL,TRA_Car_Gasoline,Gasoline,1,2031,1.0
ISRAEL,TRA_Car_Gasoline,Gasoline,1,2032,1.0
ISRAEL,TRA_Car_Gasoline,Gasoline,1,2033,1.0
ISRAEL,TRA_Car_Gasoline,Gasoline,1,2034,1.0
ISRAEL,TRA_Car_Gasoline,Gasoline,1,2035,1.0
ISRAEL,TRA_Car_Gasoline,Gasoline,1,2036,1.0
ISRAEL,TRA_Car_Gasoline,Gasoline,1,2037,1.0
ISRAEL,TRA_Car_Gasoline,Gasoline,1,2038,1.0
ISRAEL,TRA_Car_Gasoline,Gasoline,1,2039,1.0
ISRAEL,TRA_Car_Gasoline,Gasoline,1,2040,1.0
ISRAEL,TRA_Car_Gasoline,Gasoline,1,2041,1.0
ISRAEL,TRA_Car_Gasoline,Gasoline,1,2042,1.0
ISRAEL,TRA_Car_Gasoline,Gasoline,1,2043,1.0
ISRAEL,TRA_Car_Gasoline,Gasoline,1,2044,1.0
ISRAEL,TRA_Car_Gasoline,Gasoline,1,2045,1.0
ISRAEL,TRA_Car_Gasoline,Gasoline,1,2046,1.0
ISRAEL,TRA_Car_Gasoline,Gasoline,1,2047,1.0
ISRAEL,TRA_Car_Gasoline,Gasoline,1,2048,1.0
ISRAEL,TRA_Car_Gasoline,Gasoline,1,2049,1.0
ISRAEL,TRA_Car_Gasoline,Gasoline,1,2050,1.0
ISRAEL,TRA_Car_Diesel,Diesel,1,2015,1.0
ISRAEL,TRA_Car_Diesel,Diesel,1,2016,1.0
ISRAEL,TRA_Car_Diesel,Diesel,1,2017,1.0
ISRAEL,TRA_Car_Diesel,Diesel,1,2018,1.0
ISRAEL,TRA_Car_Diesel,Diesel,1,2019,1.0
ISRAEL,TRA_Car_Diesel,Diesel,1,2020,1.0
ISRAEL,TRA_Car_Diesel,Diesel,1,2021,1.0
ISRAEL,TRA_Car_Diesel,Diesel,1,2022,1.0
ISRAEL,TRA_Car_Diesel,Diesel,1,2023,1.0
ISRAEL,TRA_Car_Diesel,Diesel,1,2024,1.0
ISRAEL,TRA_Car_Diesel,Diesel,1,2025,1.0
ISRAEL,TRA_Car_Diesel,Diesel,1,2026,1.0
ISRAEL,TRA_Car_Diesel,Diesel,1,2027,1.0
ISRAEL,TRA_Car_Diesel,Diesel,1,2028,1.0
ISRAEL,TRA_Car_Diesel,Diesel,1,2029,1.0
ISRAEL,TRA_Car_Diesel,Diesel,1,2030,1.0
ISRAEL,TRA_Car_Diesel,Diesel,1,2031,1.0
ISRAEL,TRA_Car_Diesel,Diesel,1,2032,1.0
ISRAEL,TRA_Car_Diesel,Diesel,1,2033,1.0
ISRAEL,TRA_Car_Diesel,Diesel,1,2034,1.0
ISRAEL,TRA_Car_Diesel,Diesel,1,2035,1.0
ISRAEL,TRA_Car_Diesel,Diesel,1,2036,1.0
ISRAEL,TRA_Car_Diesel,Diesel,1,2037,1.0
ISRAEL,TRA_Car_Diesel,Diesel,1,2038,1.0
ISRAEL,TRA_Car_Diesel,Diesel,1,2039,1.0
ISRAEL,TRA_Car_Diesel,Diesel,1,2040,1.0
ISRAEL,TRA_Car_Diesel,Diesel,1,2041,1.0
ISRAEL,TRA_Car_Diesel,Diesel,1,2042,1.0
ISRAEL,TRA_Car_Diesel,Diesel,1,2043,1.0
ISRAEL,TRA_Car_Diesel,Diesel,1,2044,1.0
ISRAEL,TRA_Car_Diesel,Diesel,1,2045,1.0
ISRAEL,TRA_Car_Diesel,Diesel,1,2046,1.0
ISRAEL,TRA_Car_Diesel,Diesel,1,2047,1.0
ISRAEL,TRA_Car_Diesel,Diesel,1,2048,1.0
ISRAEL,TRA_Car_Diesel,Diesel,1,2049,1.0
ISRAEL,TRA_Car_Diesel,Diesel,1,2050,1.0
ISRAEL,TRA_Car_Hybrid,Gasoline,1,2015,0.7
ISRAEL,TRA_Car_Hybrid,Gasoline,1,2016,0.7
ISRAEL,TRA_Car_Hybrid,Gasoline,1,2017,0.7
ISRAEL,TRA_Car_Hybrid,Gasoline,1,2018,0.7
ISRAEL,TRA_Car_Hybrid,Gasoline,1,2019,0.7
ISRAEL,TRA_Car_Hybrid,Gasoline,1,2020,0.7
ISRAEL,TRA_Car_Hybrid,Gasoline,1,2021,0.7
ISRAEL,TRA_Car_Hybrid,Gasoline,1,2022,0.7
ISRAEL,TRA_Car_Hybrid,Gasoline,1,2023,0.7
ISRAEL,TRA_Car_Hybrid,Gasoline,1,2024,0.7
ISRAEL,TRA_Car_Hybrid,Gasoline,1,2025,0.7
ISRAEL,TRA_Car_Hybrid,Gasoline,1,2026,0.7
ISRAEL,TRA_Car_Hybrid,Gasoline,1,2027,0.7
ISRAEL,TRA_Car_Hybrid,Gasoline,1,2028,0.7
ISRAEL,TRA_Car_Hybrid,Gasoline,1,2029,0.7
ISRAEL,TRA_Car_Hybrid,Gasoline,1,2030,0.7
ISRAEL,TRA_Car_Hybrid,Gasoline,1,2031,0.7
ISRAEL,TRA_Car_Hybrid,Gasoline,1,2032,0.7
ISRAEL,TRA_Car_Hybrid,Gasoline,1,2033,0.7
ISRAEL,TRA_Car_Hybrid,Gasoline,1,2034,0.7
ISRAEL,TRA_Car_Hybrid,Gasoline,1,2035,0.7
ISRAEL,TRA_Car_Hybrid,Gasoline,1,2036,0.7
ISRAEL,TRA_Car_Hybrid,Gasoline,1,2037,0.7
ISRAEL,TRA_Car_Hybrid,Gasoline,1,2038,0.7
ISRAEL,TRA_Car_Hybrid,Gasoline,1,2039,0.7
ISRAEL,TRA_Car_Hybrid,Gasoline,1,2040,0.7
ISRAEL,TRA_Car_Hybrid,Gasoline,1,2041,0.7
ISRAEL,TRA_Car_Hybrid,Gasoline,1,2042,0.7
ISRAEL,TRA_Car_Hybrid,Gasoline,1,2043,0.7
ISRAEL,TRA_Car_Hybrid,Gasoline,1,2044,0.7
ISRAEL,TRA_Car_Hybrid,Gasoline,1,2045,0.7
ISRAEL,TRA_Car_Hybrid,Gasoline,1,2046,0.7
ISRAEL,TRA_Car_Hybrid,Gasoline,1,2047,0.7
ISRAEL,TRA_Car_Hybrid,Gasoline,1,2048,0.7
ISRAEL,TRA_Car_Hybrid,Gasoline,1,2049,0.7
ISRAEL,TRA_Car_Hybrid,Gasoline,1,2050,0.7
ISRAEL,TRA_Car_Hybrid,Electricity,1,2015,0.2
ISRAEL,TRA_Car_Hybrid,Electricity,1,2016,0.2
ISRAEL,TRA_Car_Hybrid,Electricity,1,2017,0.2
ISRAEL,TRA_Car_Hybrid,Electricity,1,2018,0.2
ISRAEL,TRA_Car_Hybrid,Electricity,1,2019,0.2
ISRAEL,TRA_Car_Hybrid,Electricity,1,2020,0.2
ISRAEL,TRA_Car_Hybrid,Electricity,1,2021,0.2
ISRAEL,TRA_Car_Hybrid,Electricity,1,2022,0.2
ISRAEL,TRA_Car_Hybrid,Electricity,1,2023,0.2
ISRAEL,TRA_Car_Hybrid,Electricity,1,2024,0.2
ISRAEL,TRA_Car_Hybrid,Electricity,1,2025,0.2
ISRAEL,TRA_Car_Hybrid,Electricity,1,2026,0.2
ISRAEL,TRA_Car_Hybrid,Electricity,1,2027,0.2
ISRAEL,TRA_Car_Hybrid,Electricity,1,2028,0.2
ISRAEL,TRA_Car_Hybrid,Electricity,1,2029,0.2
ISRAEL,TRA_Car_Hybrid,Electricity,1,2030,0.2
ISRAEL,TRA_Car_Hybrid,Electricity,1,2031,0.2
ISRAEL,TRA_Car_Hybrid,Electricity,1,2032,0.2
ISRAEL,TRA_Car_Hybrid,Electricity,1,2033,0.2
ISRAEL,TRA_Car_Hybrid,Electricity,1,2034,0.2
ISRAEL,TRA_Car_Hybrid,Electricity,1,2035,0.2
ISRAEL,TRA_Car_Hybrid,Electricity,1,2036,0.2
ISRAEL,TRA_Car_Hybrid,Electricity,1,2037,0.2
ISRAEL,TRA_Car_Hybrid,Electricity,1,2038,0.2
ISRAEL,TRA_Car_Hybrid,Electricity,1,2039,0.2
ISRAEL,TRA_Car_Hybrid,Electricity,1,2040,0.2
ISRAEL,TRA_Car_Hybrid,Electricity,1,2041,0.2
ISRAEL,TRA_Car_Hybrid,Electricity,1,2042,0.2
ISRAEL,TRA_Car_Hybrid,Electricity,1,2043,0.2
ISRAEL,TRA_Car_Hybrid,Electricity,1,2044,0.2
ISRAEL,TRA_Car_Hybrid,Electricity,1,2045,0.2
ISRAEL,TRA_Car_Hybrid,Electricity,1,2046,0.2
ISRAEL,TRA_Car_Hybrid,Electricity,1,2047,0.2
ISRAEL,TRA_Car_Hybrid,Electricity,1,2048,0.2
ISRAEL,TRA_Car_Hybrid,Electricity,1,2049,0.2
ISRAEL,TRA_Car_Hybrid,Electricity,1,2050,0.2
ISRAEL,TRA_Car_BEV,Electricity,1,2015,1.0
ISRAEL,TRA_Car_BEV,Electricity,1,2016,1.0
ISRAEL,TRA_Car_BEV,Electricity,1,2017,1.0
ISRAEL,TRA_Car_BEV,Electricity,1,2018,1.0
ISRAEL,TRA_Car_BEV,Electricity,1,2019,1.0
ISRAEL,TRA_Car_BEV,Electricity,1,2020,1.0
ISRAEL,TRA_Car_BEV,Electricity,1,2021,1.0
ISRAEL,TRA_Car_BEV,Electricity,1,2022,1.0
ISRAEL,TRA_Car_BEV,Electricity,1,2023,1.0
ISRAEL,TRA_Car_BEV,Electricity,1,2024,1.0
ISRAEL,TRA_Car_BEV,Electricity,1,2025,1.0
ISRAEL,TRA_Car_BEV,Electricity,1,2026,1.0
ISRAEL,TRA_Car_BEV,Electricity,1,2027,1.0
ISRAEL,TRA_Car_BEV,Electricity,1,2028,1.0
ISRAEL,TRA_Car_BEV,Electricity,1,2029,1.0
ISRAEL,TRA_Car_BEV,Electricity,1,2030,1.0
ISRAEL,TRA_Car_BEV,Electricity,1,2031,1.0
ISRAEL,TRA_Car_BEV,Electricity,1,2032,1.0
ISRAEL,TRA_Car_BEV,Electricity,1,2033,1.0
ISRAEL,TRA_Car_BEV,Electricity,1,2034,1.0
ISRAEL,TRA_Car_BEV,Electricity,1,2035,1.0
ISRAEL,TRA_Car_BEV,Electricity,1,2036,1.0
ISRAEL,TRA_Car_BEV,Electricity,1,2037,1.0
ISRAEL,TRA_Car_BEV,Electricity,1,2038,1.0
ISRAEL,TRA_Car_BEV,Electricity,1,2039,1.0
ISRAEL,TRA_Car_BEV,Electricity,1,2040,1.0
ISRAEL,TRA_Car_BEV,Electricity,1,2041,1.0
ISRAEL,TRA_Car_BEV,Electricity,1,2042,1.0
ISRAEL,TRA_Car_BEV,Electricity,1,2043,1.0
ISRAEL,TRA_Car_BEV,Electricity,1,2044,1.0
ISRAEL,TRA_Car_BEV,Electricity,1,2045,1.0
ISRAEL,TRA_Car_BEV,Electricity,1,2046,1.0
ISRAEL,TRA_Car_BEV,Electricity,1,2047,1.0
ISRAEL,TRA_Car_BEV,Electricity,1,2048,1.0
ISRAEL,TRA_Car_BEV,Electricity,1,2049,1.0
ISRAEL,TRA_Car_BEV,Electricity,1,2050,1.0
ISRAEL,TRA_Car_H2,Hydrogen,1,2015,1.0
ISRAEL,TRA_Car_H2,Hydrogen,1,2016,1.0
ISRAEL,TRA_Car_H2,Hydrogen,1,2017,1.0
ISRAEL,TRA_Car_H2,Hydrogen,1,2018,1.0
ISRAEL,TRA_Car_H2,Hydrogen,1,2019,1.0
ISRAEL,TRA_Car_H2,Hydrogen,1,2020,1.0
ISRAEL,TRA_Car_H2,Hydrogen,1,2021,1.0
ISRAEL,TRA_Car_H2,Hydrogen,1,2022,1.0
ISRAEL,TRA_Car_H2,Hydrogen,1,2023,1.0
ISRAEL,TRA_Car_H2,Hydrogen,1,2024,1.0
ISRAEL,TRA_Car_H2,Hydrogen,1,2025,1.0
ISRAEL,TRA_Car_H2,Hydrogen,1,2026,1.0
ISRAEL,TRA_Car_H2,Hydrogen,1,2027,1.0
ISRAEL,TRA_Car_H2,Hydrogen,1,2028,1.0
ISRAEL,TRA_Car_H2,Hydrogen,1,2029,1.0
ISRAEL,TRA_Car_H2,Hydrogen,1,2030,1.0
ISRAEL,TRA_Car_H2,Hydrogen,1,2031,1.0
ISRAEL,TRA_Car_H2,Hydrogen,1,2032,1.0
ISRAEL,TRA_Car_H2,Hydrogen,1,2033,1.0
ISRAEL,TRA_Car_H2,Hydrogen,1,2034,1.0
ISRAEL,TRA_Car_H2,Hydrogen,1,2035,1.0
ISRAEL,TRA_Car_H2,Hydrogen,1,2036,1.0
ISRAEL,TRA_Car_H2,Hydrogen,1,2037,1.0
ISRAEL,TRA_Car_H2,Hydrogen,1,2038,1.0
ISRAEL,TRA_Car_H2,Hydrogen,1,2039,1.0
ISRAEL,TRA_Car_H2,Hydrogen,1,2040,1.0
ISRAEL,TRA_Car_H2,Hydrogen,1,2041,1.0
ISRAEL,TRA_Car_H2,Hydrogen,1,2042,1.0
ISRAEL,TRA_Car_H2,Hydrogen,1,2043,1.0
ISRAEL,TRA_Car_H2,Hydrogen,1,2044,1.0
ISRAEL,TRA_Car_H2,Hydrogen,1,2045,1.0
ISRAEL,TRA_Car_H2,Hydrogen,1,2046,1.0
ISRAEL,TRA_Car_H2,Hydrogen,1,2047,1.0
ISRAEL,TRA_Car_H2,Hydrogen,1,2048,1.0
ISRAEL,TRA_Car_H2,Hydrogen,1,2049,1.0
ISRAEL,TRA_Car_H2,Hydrogen,1,2050,1.0
ISRAEL,TRA_Bus_Diesel,Diesel,1,2015,1.0
ISRAEL,TRA_Bus_Diesel,Diesel,1,2016,1.0
ISRAEL,TRA_Bus_Diesel,Diesel,1,2017,1.0
ISRAEL,TRA_Bus_Diesel,Diesel,1,2018,1.0
ISRAEL,TRA_Bus_Diesel,Diesel,1,2019,1.0
ISRAEL,TRA_Bus_Diesel,Diesel,1,2020,1.0
ISRAEL,TRA_Bus_Diesel,Diesel,1,2021,1.0
ISRAEL,TRA_Bus_Diesel,Diesel,1,2022,1.0
ISRAEL,TRA_Bus_Diesel,Diesel,1,2023,1.0
ISRAEL,TRA_Bus_Diesel,Diesel,1,2024,1.0
ISRAEL,TRA_Bus_Diesel,Diesel,1,2025,1.0
ISRAEL,TRA_Bus_Diesel,Diesel,1,2026,1.0
ISRAEL,TRA_Bus_Diesel,Diesel,1,2027,1.0
ISRAEL,TRA_Bus_Diesel,Diesel,1,2028,1.0
ISRAEL,TRA_Bus_Diesel,Diesel,1,2029,1.0
ISRAEL,TRA_Bus_Diesel,Diesel,1,2030,1.0
ISRAEL,TRA_Bus_Diesel,Diesel,1,2031,1.0
ISRAEL,TRA_Bus_Diesel,Diesel,1,2032,1.0
ISRAEL,TRA_Bus_Diesel,Diesel,1,2033,1.0
ISRAEL,TRA_Bus_Diesel,Diesel,1,2034,1.0
ISRAEL,TRA_Bus_Diesel,Diesel,1,2035,1.0
ISRAEL,TRA_Bus_Diesel,Diesel,1,2036,1.0
ISRAEL,TRA_Bus_Diesel,Diesel,1,2037,1.0
ISRAEL,TRA_Bus_Diesel,Diesel,1,2038,1.0
ISRAEL,TRA_Bus_Diesel,Diesel,1,2039,1.0
ISRAEL,TRA_Bus_Diesel,Diesel,1,2040,1.0
ISRAEL,TRA_Bus_Diesel,Diesel,1,2041,1.0
ISRAEL,TRA_Bus_Diesel,Diesel,1,2042,1.0
ISRAEL,TRA_Bus_Diesel,Diesel,1,2043,1.0
ISRAEL,TRA_Bus_Diesel,Diesel,1,2044,1.0
ISRAEL,TRA_Bus_Diesel,Diesel,1,2045,1.0
ISRAEL,TRA_Bus_Diesel,Diesel,1,2046,1.0
ISRAEL,TRA_Bus_Diesel,Diesel,1,2047,1.0
ISRAEL,TRA_Bus_Diesel,Diesel,1,2048,1.0
ISRAEL,TRA_Bus_Diesel,Diesel,1,2049,1.0
ISRAEL,TRA_Bus_Diesel,Diesel,1,2050,1.0
ISRAEL,TRA_Bus_CNG,NaturalGas,1,2015,1.0
ISRAEL,TRA_Bus_CNG,NaturalGas,1,2016,1.0
ISRAEL,TRA_Bus_CNG,NaturalGas,1,2017,1.0
ISRAEL,TRA_Bus_CNG,NaturalGas,1,2018,1.0
ISRAEL,TRA_Bus_CNG,NaturalGas,1,2019,1.0
ISRAEL,TRA_Bus_CNG,NaturalGas,1,2020,1.0
ISRAEL,TRA_Bus_CNG,NaturalGas,1,2021,1.0
ISRAEL,TRA_Bus_CNG,NaturalGas,1,2022,1.0
ISRAEL,TRA_Bus_CNG,NaturalGas,1,2023,1.0
ISRAEL,TRA_Bus_CNG,NaturalGas,1,2024,1.0
ISRAEL,TRA_Bus_CNG,NaturalGas,1,2025,1.0
ISRAEL,TRA_Bus_CNG,NaturalGas,1,2026,1.0
ISRAEL,TRA_Bus_CNG,NaturalGas,1,2027,1.0
ISRAEL,TRA_Bus_CNG,NaturalGas,1,2028,1.0
ISRAEL,TRA_Bus_CNG,NaturalGas,1,2029,1.0
ISRAEL,TRA_Bus_CNG,NaturalGas,1,2030,1.0
ISRAEL,TRA_Bus_CNG,NaturalGas,1,2031,1.0
ISRAEL,TRA_Bus_CNG,NaturalGas,1,2032,1.0
ISRAEL,TRA_Bus_CNG,NaturalGas,1,2033,1.0
ISRAEL,TRA_Bus_CNG,NaturalGas,1,2034,1.0
ISRAEL,TRA_Bus_CNG,NaturalGas,1,2035,1.0
ISRAEL,TRA_Bus_CNG,NaturalGas,1,2036,1.0
ISRAEL,TRA_Bus_CNG,NaturalGas,1,2037,1.0
ISRAEL,TRA_Bus_CNG,NaturalGas,1,2038,1.0
ISRAEL,TRA_Bus_CNG,NaturalGas,1,2039,1.0
ISRAEL,TRA_Bus_CNG,NaturalGas,1,2040,1.0
ISRAEL,TRA_Bus_CNG,NaturalGas,1,2041,1.0
ISRAEL,TRA_Bus_CNG,NaturalGas,1,2042,1.0
ISRAEL,TRA_Bus_CNG,NaturalGas,1,2043,1.0
ISRAEL,TRA_Bus_CNG,NaturalGas,1,2044,1.0
ISRAEL,TRA_Bus_CNG,NaturalGas,1,2045,1.0
ISRAEL,TRA_Bus_CNG,NaturalGas,1,2046,1.0
ISRAEL,TRA_Bus_CNG,NaturalGas,1,2047,1.0
ISRAEL,TRA_Bus_CNG,NaturalGas,1,2048,1.0
ISRAEL,TRA_Bus_CNG,NaturalGas,1,2049,1.0
ISRAEL,TRA_Bus_CNG,NaturalGas,1,2050,1.0
ISRAEL,TRA_Bus_Electric,Electricity,1,2015,1.0
ISRAEL,TRA_Bus_Electric,Electricity,1,2016,1.0
ISRAEL,TRA_Bus_Electric,Electricity,1,2017,1.0
ISRAEL,TRA_Bus_Electric,Electricity,1,2018,1.0
ISRAEL,TRA_Bus_Electric,Electricity,1,2019,1.0
ISRAEL,TRA_Bus_Electric,Electricity,1,2020,1.0
ISRAEL,TRA_Bus_Electric,Electricity,1,2021,1.0
ISRAEL,TRA_Bus_Electric,Electricity,1,2022,1.0
ISRAEL,TRA_Bus_Electric,Electricity,1,2023,1.0
ISRAEL,TRA_Bus_Electric,Electricity,1,2024,1.0
ISRAEL,TRA_Bus_Electric,Electricity,1,2025,1.0
ISRAEL,TRA_Bus_Electric,Electricity,1,2026,1.0
ISRAEL,TRA_Bus_Electric,Electricity,1,2027,1.0
ISRAEL,TRA_Bus_Electric,Electricity,1,2028,1.0
ISRAEL,TRA_Bus_Electric,Electricity,1,2029,1.0
ISRAEL,TRA_Bus_Electric,Electricity,1,2030,1.0
ISRAEL,TRA_Bus_Electric,Electricity,1,2031,1.0
ISRAEL,TRA_Bus_Electric,Electricity,1,2032,1.0
ISRAEL,TRA_Bus_Electric,Electricity,1,2033,1.0
ISRAEL,TRA_Bus_Electric,Electricity,1,2034,1.0
ISRAEL,TRA_Bus_Electric,Electricity,1,2035,1.0
ISRAEL,TRA_Bus_Electric,Electricity,1,2036,1.0
ISRAEL,TRA_Bus_Electric,Electricity,1,2037,1.0
ISRAEL,TRA_Bus_Electric,Electricity,1,2038,1.0
ISRAEL,TRA_Bus_Electric,Electricity,1,2039,1.0
ISRAEL,TRA_Bus_Electric,Electricity,1,2040,1.0
ISRAEL,TRA_Bus_Electric,Electricity,1,2041,1.0
ISRAEL,TRA_Bus_Electric,Electricity,1,2042,1.0
ISRAEL,TRA_Bus_Electric,Electricity,1,2043,1.0
ISRAEL,TRA_Bus_Electric,Electricity,1,2044,1.0
ISRAEL,TRA_Bus_Electric,Electricity,1,2045,1.0
ISRAEL,TRA_Bus_Electric,Electricity,1,2046,1.0
ISRAEL,TRA_Bus_Electric,Electricity,1,2047,1.0
ISRAEL,TRA_Bus_Electric,Electricity,1,2048,1.0
ISRAEL,TRA_Bus_Electric,Electricity,1,2049,1.0
ISRAEL,TRA_Bus_Electric,Electricity,1,2050,1.0
ISRAEL,TRA_Bus_H2,Hydrogen,1,2015,1.0
ISRAEL,TRA_Bus_H2,Hydrogen,1,2016,1.0
ISRAEL,TRA_Bus_H2,Hydrogen,1,2017,1.0
ISRAEL,TRA_Bus_H2,Hydrogen,1,2018,1.0
ISRAEL,TRA_Bus_H2,Hydrogen,1,2019,1.0
ISRAEL,TRA_Bus_H2,Hydrogen,1,2020,1.0
ISRAEL,TRA_Bus_H2,Hydrogen,1,2021,1.0
ISRAEL,TRA_Bus_H2,Hydrogen,1,2022,1.0
ISRAEL,TRA_Bus_H2,Hydrogen,1,2023,1.0
ISRAEL,TRA_Bus_H2,Hydrogen,1,2024,1.0
ISRAEL,TRA_Bus_H2,Hydrogen,1,2025,1.0
ISRAEL,TRA_Bus_H2,Hydrogen,1,2026,1.0
ISRAEL,TRA_Bus_H2,Hydrogen,1,2027,1.0
ISRAEL,TRA_Bus_H2,Hydrogen,1,2028,1.0
ISRAEL,TRA_Bus_H2,Hydrogen,1,2029,1.0
ISRAEL,TRA_Bus_H2,Hydrogen,1,2030,1.0
ISRAEL,TRA_Bus_H2,Hydrogen,1,2031,1.0
ISRAEL,TRA_Bus_H2,Hydrogen,1,2032,1.0
ISRAEL,TRA_Bus_H2,Hydrogen,1,2033,1.0
ISRAEL,TRA_Bus_H2,Hydrogen,1,2034,1.0
ISRAEL,TRA_Bus_H2,Hydrogen,1,2035,1.0
ISRAEL,TRA_Bus_H2,Hydrogen,1,2036,1.0
ISRAEL,TRA_Bus_H2,Hydrogen,1,2037,1.0
ISRAEL,TRA_Bus_H2,Hydrogen,1,2038,1.0
ISRAEL,TRA_Bus_H2,Hydrogen,1,2039,1.0
ISRAEL,TRA_Bus_H2,Hydrogen,1,2040,1.0
ISRAEL,TRA_Bus_H2,Hydrogen,1,2041,1.0
ISRAEL,TRA_Bus_H2,Hydrogen,1,2042,1.0
ISRAEL,TRA_Bus_H2,Hydrogen,1,2043,1.0
ISRAEL,TRA_Bus_H2,Hydrogen,1,2044,1.0
ISRAEL,TRA_Bus_H2,Hydrogen,1,2045,1.0
ISRAEL,TRA_Bus_H2,Hydrogen,1,2046,1.0
ISRAEL,TRA_Bus_H2,Hydrogen,1,2047,1.0
ISRAEL,TRA_Bus_H2,Hydrogen,1,2048,1.0
ISRAEL,TRA_Bus_H2,Hydrogen,1,2049,1.0
ISRAEL,TRA_Bus_H2,Hydrogen,1,2050,1.0
ISRAEL,TRA_LightRail_Electric,Electricity,1,2015,1.0
ISRAEL,TRA_LightRail_Electric,Electricity,1,2016,1.0
ISRAEL,TRA_LightRail_Electric,Electricity,1,2017,1.0
ISRAEL,TRA_LightRail_Electric,Electricity,1,2018,1.0
ISRAEL,TRA_LightRail_Electric,Electricity,1,2019,1.0
ISRAEL,TRA_LightRail_Electric,Electricity,1,2020,1.0
ISRAEL,TRA_LightRail_Electric,Electricity,1,2021,1.0
ISRAEL,TRA_LightRail_Electric,Electricity,1,2022,1.0
ISRAEL,TRA_LightRail_Electric,Electricity,1,2023,1.0
ISRAEL,TRA_LightRail_Electric,Electricity,1,2024,1.0
ISRAEL,TRA_LightRail_Electric,Electricity,1,2025,1.0
ISRAEL,TRA_LightRail_Electric,Electricity,1,2026,1.0
ISRAEL,TRA_LightRail_Electric,Electricity,1,2027,1.0
ISRAEL,TRA_LightRail_Electric,Electricity,1,2028,1.0
ISRAEL,TRA_LightRail_Electric,Electricity,1,2029,1.0
ISRAEL,TRA_LightRail_Electric,Electricity,1,2030,1.0
ISRAEL,TRA_LightRail_Electric,Electricity,1,2031,1.0
ISRAEL,TRA_LightRail_Electric,Electricity,1,2032,1.0
ISRAEL,TRA_LightRail_Electric,Electricity,1,2033,1.0
ISRAEL,TRA_LightRail_Electric,Electricity,1,2034,1.0
ISRAEL,TRA_LightRail_Electric,Electricity,1,2035,1.0
ISRAEL,TRA_LightRail_Electric,Electricity,1,2036,1.0
ISRAEL,TRA_LightRail_Electric,Electricity,1,2037,1.0
ISRAEL,TRA_LightRail_Electric,Electricity,1,2038,1.0
ISRAEL,TRA_LightRail_Electric,Electricity,1,2039,1.0
ISRAEL,TRA_LightRail_Electric,Electricity,1,2040,1.0
ISRAEL,TRA_LightRail_Electric,Electricity,1,2041,1.0
ISRAEL,TRA_LightRail_Electric,Electricity,1,2042,1.0
ISRAEL,TRA_LightRail_Electric,Electricity,1,2043,1.0
ISRAEL,TRA_LightRail_Electric,Electricity,1,2044,1.0
ISRAEL,TRA_LightRail_Electric,Electricity,1,2045,1.0
ISRAEL,TRA_LightRail_Electric,Electricity,1,2046,1.0
ISRAEL,TRA_LightRail_Electric,Electricity,1,2047,1.0
ISRAEL,TRA_LightRail_Electric,Electricity,1,2048,1.0
ISRAEL,TRA_LightRail_Electric,Electricity,1,2049,1.0
ISRAEL,TRA_LightRail_Electric,Electricity,1,2050,1.0
ISRAEL,TRA_Metro_Electric,Electricity,1,2015,1.0
ISRAEL,TRA_Metro_Electric,Electricity,1,2016,1.0
ISRAEL,TRA_Metro_Electric,Electricity,1,2017,1.0
ISRAEL,TRA_Metro_Electric,Electricity,1,2018,1.0
ISRAEL,TRA_Metro_Electric,Electricity,1,2019,1.0
ISRAEL,TRA_Metro_Electric,Electricity,1,2020,1.0
ISRAEL,TRA_Metro_Electric,Electricity,1,2021,1.0
ISRAEL,TRA_Metro_Electric,Electricity,1,2022,1.0
ISRAEL,TRA_Metro_Electric,Electricity,1,2023,1.0
ISRAEL,TRA_Metro_Electric,Electricity,1,2024,1.0
ISRAEL,TRA_Metro_Electric,Electricity,1,2025,1.0
ISRAEL,TRA_Metro_Electric,Electricity,1,2026,1.0
ISRAEL,TRA_Metro_Electric,Electricity,1,2027,1.0
ISRAEL,TRA_Metro_Electric,Electricity,1,2028,1.0
ISRAEL,TRA_Metro_Electric,Electricity,1,2029,1.0
ISRAEL,TRA_Metro_Electric,Electricity,1,2030,1.0
ISRAEL,TRA_Metro_Electric,Electricity,1,2031,1.0
ISRAEL,TRA_Metro_Electric,Electricity,1,2032,1.0
ISRAEL,TRA_Metro_Electric,Electricity,1,2033,1.0
ISRAEL,TRA_Metro_Electric,Electricity,1,2034,1.0
ISRAEL,TRA_Metro_Electric,Electricity,1,2035,1.0
ISRAEL,TRA_Metro_Electric,Electricity,1,2036,1.0
ISRAEL,TRA_Metro_Electric,Electricity,1,2037,1.0
ISRAEL,TRA_Metro_Electric,Electricity,1,2038,1.0
ISRAEL,TRA_Metro_Electric,Electricity,1,2039,1.0
ISRAEL,TRA_Metro_Electric,Electricity,1,2040,1.0
ISRAEL,TRA_Metro_Electric,Electricity,1,2041,1.0
ISRAEL,TRA_Metro_Electric,Electricity,1,2042,1.0
ISRAEL,TRA_Metro_Electric,Electricity,1,2043,1.0
ISRAEL,TRA_Metro_Electric,Electricity,1,2044,1.0
ISRAEL,TRA_Metro_Electric,Electricity,1,2045,1.0
ISRAEL,TRA_Metro_Electric,Electricity,1,2046,1.0
ISRAEL,TRA_Metro_Electric,Electricity,1,2047,1.0
ISRAEL,TRA_Metro_Electric,Electricity,1,2048,1.0
ISRAEL,TRA_Metro_Electric,Electricity,1,2049,1.0
ISRAEL,TRA_Metro_Electric,Electricity,1,2050,1.0
ISRAEL,TRA_Rail_Passenger_Electric,Electricity,1,2015,1.0
ISRAEL,TRA_Rail_Passenger_Electric,Electricity,1,2016,1.0
ISRAEL,TRA_Rail_Passenger_Electric,Electricity,1,2017,1.0
ISRAEL,TRA_Rail_Passenger_Electric,Electricity,1,2018,1.0
ISRAEL,TRA_Rail_Passenger_Electric,Electricity,1,2019,1.0
ISRAEL,TRA_Rail_Passenger_Electric,Electricity,1,2020,1.0
ISRAEL,TRA_Rail_Passenger_Electric,Electricity,1,2021,1.0
ISRAEL,TRA_Rail_Passenger_Electric,Electricity,1,2022,1.0
ISRAEL,TRA_Rail_Passenger_Electric,Electricity,1,2023,1.0
ISRAEL,TRA_Rail_Passenger_Electric,Electricity,1,2024,1.0
ISRAEL,TRA_Rail_Passenger_Electric,Electricity,1,2025,1.0
ISRAEL,TRA_Rail_Passenger_Electric,Electricity,1,2026,1.0
ISRAEL,TRA_Rail_Passenger_Electric,Electricity,1,2027,1.0
ISRAEL,TRA_Rail_Passenger_Electric,Electricity,1,2028,1.0
ISRAEL,TRA_Rail_Passenger_Electric,Electricity,1,2029,1.0
ISRAEL,TRA_Rail_Passenger_Electric,Electricity,1,2030,1.0
ISRAEL,TRA_Rail_Passenger_Electric,Electricity,1,2031,1.0
ISRAEL,TRA_Rail_Passenger_Electric,Electricity,1,2032,1.0
ISRAEL,TRA_Rail_Passenger_Electric,Electricity,1,2033,1.0
ISRAEL,TRA_Rail_Passenger_Electric,Electricity,1,2034,1.0
ISRAEL,TRA_Rail_Passenger_Electric,Electricity,1,2035,1.0
ISRAEL,TRA_Rail_Passenger_Electric,Electricity,1,2036,1.0
ISRAEL,TRA_Rail_Passenger_Electric,Electricity,1,2037,1.0
ISRAEL,TRA_Rail_Passenger_Electric,Electricity,1,2038,1.0
ISRAEL,TRA_Rail_Passenger_Electric,Electricity,1,2039,1.0
ISRAEL,TRA_Rail_Passenger_Electric,Electricity,1,2040,1.0
ISRAEL,TRA_Rail_Passenger_Electric,Electricity,1,2041,1.0
ISRAEL,TRA_Rail_Passenger_Electric,Electricity,1,2042,1.0
ISRAEL,TRA_Rail_Passenger_Electric,Electricity,1,2043,1.0
ISRAEL,TRA_Rail_Passenger_Electric,Electricity,1,2044,1.0
ISRAEL,TRA_Rail_Passenger_Electric,Electricity,1,2045,1.0
ISRAEL,TRA_Rail_Passenger_Electric,Electricity,1,2046,1.0
ISRAEL,TRA_Rail_Passenger_Electric,Electricity,1,2047,1.0
ISRAEL,TRA_Rail_Passenger_Electric,Electricity,1,2048,1.0
ISRAEL,TRA_Rail_Passenger_Electric,Electricity,1,2049,1.0
ISRAEL,TRA_Rail_Passenger_Electric,Electricity,1,2050,1.0
ISRAEL,TRA_Rail_Freight_Diesel,Diesel,1,2015,1.0
ISRAEL,TRA_Rail_Freight_Diesel,Diesel,1,2016,1.0
ISRAEL,TRA_Rail_Freight_Diesel,Diesel,1,2017,1.0
ISRAEL,TRA_Rail_Freight_Diesel,Diesel,1,2018,1.0
ISRAEL,TRA_Rail_Freight_Diesel,Diesel,1,2019,1.0
ISRAEL,TRA_Rail_Freight_Diesel,Diesel,1,2020,1.0
ISRAEL,TRA_Rail_Freight_Diesel,Diesel,1,2021,1.0
ISRAEL,TRA_Rail_Freight_Diesel,Diesel,1,2022,1.0
ISRAEL,TRA_Rail_Freight_Diesel,Diesel,1,2023,1.0
ISRAEL,TRA_Rail_Freight_Diesel,Diesel,1,2024,1.0
ISRAEL,TRA_Rail_Freight_Diesel,Diesel,1,2025,1.0
ISRAEL,TRA_Rail_Freight_Diesel,Diesel,1,2026,1.0
ISRAEL,TRA_Rail_Freight_Diesel,Diesel,1,2027,1.0
ISRAEL,TRA_Rail_Freight_Diesel,Diesel,1,2028,1.0
ISRAEL,TRA_Rail_Freight_Diesel,Diesel,1,2029,1.0
ISRAEL,TRA_Rail_Freight_Diesel,Diesel,1,2030,1.0
ISRAEL,TRA_Rail_Freight_Diesel,Diesel,1,2031,1.0
ISRAEL,TRA_Rail_Freight_Diesel,Diesel,1,2032,1.0
ISRAEL,TRA_Rail_Freight_Diesel,Diesel,1,2033,1.0
ISRAEL,TRA_Rail_Freight_Diesel,Diesel,1,2034,1.0
ISRAEL,TRA_Rail_Freight_Diesel,Diesel,1,2035,1.0
ISRAEL,TRA_Rail_Freight_Diesel,Diesel,1,2036,1.0
ISRAEL,TRA_Rail_Freight_Diesel,Diesel,1,2037,1.0
ISRAEL,TRA_Rail_Freight_Diesel,Diesel,1,2038,1.0
ISRAEL,TRA_Rail_Freight_Diesel,Diesel,1,2039,1.0
ISRAEL,TRA_Rail_Freight_Diesel,Diesel,1,2040,1.0
ISRAEL,TRA_Rail_Freight_Diesel,Diesel,1,2041,1.0
ISRAEL,TRA_Rail_Freight_Diesel,Diesel,1,2042,1.0
ISRAEL,TRA_Rail_Freight_Diesel,Diesel,1,2043,1.0
ISRAEL,TRA_Rail_Freight_Diesel,Diesel,1,2044,1.0
ISRAEL,TRA_Rail_Freight_Diesel,Diesel,1,2045,1.0
ISRAEL,TRA_Rail_Freight_Diesel,Diesel,1,2046,1.0
ISRAEL,TRA_Rail_Freight_Diesel,Diesel,1,2047,1.0
ISRAEL,TRA_Rail_Freight_Diesel,Diesel,1,2048,1.0
ISRAEL,TRA_Rail_Freight_Diesel,Diesel,1,2049,1.0
ISRAEL,TRA_Rail_Freight_Diesel,Diesel,1,2050,1.0
ISRAEL,TRA_Truck_Diesel,Diesel,1,2015,1.0
ISRAEL,TRA_Truck_Diesel,Diesel,1,2016,1.0
ISRAEL,TRA_Truck_Diesel,Diesel,1,2017,1.0
ISRAEL,TRA_Truck_Diesel,Diesel,1,2018,1.0
ISRAEL,TRA_Truck_Diesel,Diesel,1,2019,1.0
ISRAEL,TRA_Truck_Diesel,Diesel,1,2020,1.0
ISRAEL,TRA_Truck_Diesel,Diesel,1,2021,1.0
ISRAEL,TRA_Truck_Diesel,Diesel,1,2022,1.0
ISRAEL,TRA_Truck_Diesel,Diesel,1,2023,1.0
ISRAEL,TRA_Truck_Diesel,Diesel,1,2024,1.0
ISRAEL,TRA_Truck_Diesel,Diesel,1,2025,1.0
ISRAEL,TRA_Truck_Diesel,Diesel,1,2026,1.0
ISRAEL,TRA_Truck_Diesel,Diesel,1,2027,1.0
ISRAEL,TRA_Truck_Diesel,Diesel,1,2028,1.0
ISRAEL,TRA_Truck_Diesel,Diesel,1,2029,1.0
ISRAEL,TRA_Truck_Diesel,Diesel,1,2030,1.0
ISRAEL,TRA_Truck_Diesel,Diesel,1,2031,1.0
ISRAEL,TRA_Truck_Diesel,Diesel,1,2032,1.0
ISRAEL,TRA_Truck_Diesel,Diesel,1,2033,1.0
ISRAEL,TRA_Truck_Diesel,Diesel,1,2034,1.0
ISRAEL,TRA_Truck_Diesel,Diesel,1,2035,1.0
ISRAEL,TRA_Truck_Diesel,Diesel,1,2036,1.0
ISRAEL,TRA_Truck_Diesel,Diesel,1,2037,1.0
ISRAEL,TRA_Truck_Diesel,Diesel,1,2038,1.0
ISRAEL,TRA_Truck_Diesel,Diesel,1,2039,1.0
ISRAEL,TRA_Truck_Diesel,Diesel,1,2040,1.0
ISRAEL,TRA_Truck_Diesel,Diesel,1,2041,1.0
ISRAEL,TRA_Truck_Diesel,Diesel,1,2042,1.0
ISRAEL,TRA_Truck_Diesel,Diesel,1,2043,1.0
ISRAEL,TRA_Truck_Diesel,Diesel,1,2044,1.0
ISRAEL,TRA_Truck_Diesel,Diesel,1,2045,1.0
ISRAEL,TRA_Truck_Diesel,Diesel,1,2046,1.0
ISRAEL,TRA_Truck_Diesel,Diesel,1,2047,1.0
ISRAEL,TRA_Truck_Diesel,Diesel,1,2048,1.0
ISRAEL,TRA_Truck_Diesel,Diesel,1,2049,1.0
ISRAEL,TRA_Truck_Diesel,Diesel,1,2050,1.0
ISRAEL,TRA_Truck_Electric,Electricity,1,2015,1.0
ISRAEL,TRA_Truck_Electric,Electricity,1,2016,1.0
ISRAEL,TRA_Truck_Electric,Electricity,1,2017,1.0
ISRAEL,TRA_Truck_Electric,Electricity,1,2018,1.0
ISRAEL,TRA_Truck_Electric,Electricity,1,2019,1.0
ISRAEL,TRA_Truck_Electric,Electricity,1,2020,1.0
ISRAEL,TRA_Truck_Electric,Electricity,1,2021,1.0
ISRAEL,TRA_Truck_Electric,Electricity,1,2022,1.0
ISRAEL,TRA_Truck_Electric,Electricity,1,2023,1.0
ISRAEL,TRA_Truck_Electric,Electricity,1,2024,1.0
ISRAEL,TRA_Truck_Electric,Electricity,1,2025,1.0
ISRAEL,TRA_Truck_Electric,Electricity,1,2026,1.0
ISRAEL,TRA_Truck_Electric,Electricity,1,2027,1.0
ISRAEL,TRA_Truck_Electric,Electricity,1,2028,1.0
ISRAEL,TRA_Truck_Electric,Electricity,1,2029,1.0
ISRAEL,TRA_Truck_Electric,Electricity,1,2030,1.0
ISRAEL,TRA_Truck_Electric,Electricity,1,2031,1.0
ISRAEL,TRA_Truck_Electric,Electricity,1,2032,1.0
ISRAEL,TRA_Truck_Electric,Electricity,1,2033,1.0
ISRAEL,TRA_Truck_Electric,Electricity,1,2034,1.0
ISRAEL,TRA_Truck_Electric,Electricity,1,2035,1.0
ISRAEL,TRA_Truck_Electric,Electricity,1,2036,1.0
ISRAEL,TRA_Truck_Electric,Electricity,1,2037,1.0
ISRAEL,TRA_Truck_Electric,Electricity,1,2038,1.0
ISRAEL,TRA_Truck_Electric,Electricity,1,2039,1.0
ISRAEL,TRA_Truck_Electric,Electricity,1,2040,1.0
ISRAEL,TRA_Truck_Electric,Electricity,1,2041,1.0
ISRAEL,TRA_Truck_Electric,Electricity,1,2042,1.0
ISRAEL,TRA_Truck_Electric,Electricity,1,2043,1.0
ISRAEL,TRA_Truck_Electric,Electricity,1,2044,1.0
ISRAEL,TRA_Truck_Electric,Electricity,1,2045,1.0
ISRAEL,TRA_Truck_Electric,Electricity,1,2046,1.0
ISRAEL,TRA_Truck_Electric,Electricity,1,2047,1.0
ISRAEL,TRA_Truck_Electric,Electricity,1,2048,1.0
ISRAEL,TRA_Truck_Electric,Electricity,1,2049,1.0
ISRAEL,TRA_Truck_Electric,Electricity,1,2050,1.0
ISRAEL,TRA_Truck_H2,Hydrogen,1,2015,1.0
ISRAEL,TRA_Truck_H2,Hydrogen,1,2016,1.0
ISRAEL,TRA_Truck_H2,Hydrogen,1,2017,1.0
ISRAEL,TRA_Truck_H2,Hydrogen,1,2018,1.0
ISRAEL,TRA_Truck_H2,Hydrogen,1,2019,1.0
ISRAEL,TRA_Truck_H2,Hydrogen,1,2020,1.0
ISRAEL,TRA_Truck_H2,Hydrogen,1,2021,1.0
ISRAEL,TRA_Truck_H2,Hydrogen,1,2022,1.0
ISRAEL,TRA_Truck_H2,Hydrogen,1,2023,1.0
ISRAEL,TRA_Truck_H2,Hydrogen,1,2024,1.0
ISRAEL,TRA_Truck_H2,Hydrogen,1,2025,1.0
ISRAEL,TRA_Truck_H2,Hydrogen,1,2026,1.0
ISRAEL,TRA_Truck_H2,Hydrogen,1,2027,1.0
ISRAEL,TRA_Truck_H2,Hydrogen,1,2028,1.0
ISRAEL,TRA_Truck_H2,Hydrogen,1,2029,1.0
ISRAEL,TRA_Truck_H2,Hydrogen,1,2030,1.0
ISRAEL,TRA_Truck_H2,Hydrogen,1,2031,1.0
ISRAEL,TRA_Truck_H2,Hydrogen,1,2032,1.0
ISRAEL,TRA_Truck_H2,Hydrogen,1,2033,1.0
ISRAEL,TRA_Truck_H2,Hydrogen,1,2034,1.0
ISRAEL,TRA_Truck_H2,Hydrogen,1,2035,1.0
ISRAEL,TRA_Truck_H2,Hydrogen,1,2036,1.0
ISRAEL,TRA_Truck_H2,Hydrogen,1,2037,1.0
ISRAEL,TRA_Truck_H2,Hydrogen,1,2038,1.0
ISRAEL,TRA_Truck_H2,Hydrogen,1,2039,1.0
ISRAEL,TRA_Truck_H2,Hydrogen,1,2040,1.0
ISRAEL,TRA_Truck_H2,Hydrogen,1,2041,1.0
ISRAEL,TRA_Truck_H2,Hydrogen,1,2042,1.0
ISRAEL,TRA_Truck_H2,Hydrogen,1,2043,1.0
ISRAEL,TRA_Truck_H2,Hydrogen,1,2044,1.0
ISRAEL,TRA_Truck_H2,Hydrogen,1,2045,1.0
ISRAEL,TRA_Truck_H2,Hydrogen,1,2046,1.0
ISRAEL,TRA_Truck_H2,Hydrogen,1,2047,1.0
ISRAEL,TRA_Truck_H2,Hydrogen,1,2048,1.0
ISRAEL,TRA_Truck_H2,Hydrogen,1,2049,1.0
ISRAEL,TRA_Truck_H2,Hydrogen,1,2050,1.0
ISRAEL,TRA_AgVehicle_Diesel,Diesel,1,2015,1.0
ISRAEL,TRA_AgVehicle_Diesel,Diesel,1,2016,1.0
ISRAEL,TRA_AgVehicle_Diesel,Diesel,1,2017,1.0
ISRAEL,TRA_AgVehicle_Diesel,Diesel,1,2018,1.0
ISRAEL,TRA_AgVehicle_Diesel,Diesel,1,2019,1.0
ISRAEL,TRA_AgVehicle_Diesel,Diesel,1,2020,1.0
ISRAEL,TRA_AgVehicle_Diesel,Diesel,1,2021,1.0
ISRAEL,TRA_AgVehicle_Diesel,Diesel,1,2022,1.0
ISRAEL,TRA_AgVehicle_Diesel,Diesel,1,2023,1.0
ISRAEL,TRA_AgVehicle_Diesel,Diesel,1,2024,1.0
ISRAEL,TRA_AgVehicle_Diesel,Diesel,1,2025,1.0
ISRAEL,TRA_AgVehicle_Diesel,Diesel,1,2026,1.0
ISRAEL,TRA_AgVehicle_Diesel,Diesel,1,2027,1.0
ISRAEL,TRA_AgVehicle_Diesel,Diesel,1,2028,1.0
ISRAEL,TRA_AgVehicle_Diesel,Diesel,1,2029,1.0
ISRAEL,TRA_AgVehicle_Diesel,Diesel,1,2030,1.0
ISRAEL,TRA_AgVehicle_Diesel,Diesel,1,2031,1.0
ISRAEL,TRA_AgVehicle_Diesel,Diesel,1,2032,1.0
ISRAEL,TRA_AgVehicle_Diesel,Diesel,1,2033,1.0
ISRAEL,TRA_AgVehicle_Diesel,Diesel,1,2034,1.0
ISRAEL,TRA_AgVehicle_Diesel,Diesel,1,2035,1.0
ISRAEL,TRA_AgVehicle_Diesel,Diesel,1,2036,1.0
ISRAEL,TRA_AgVehicle_Diesel,Diesel,1,2037,1.0
ISRAEL,TRA_AgVehicle_Diesel,Diesel,1,2038,1.0
ISRAEL,TRA_AgVehicle_Diesel,Diesel,1,2039,1.0
ISRAEL,TRA_AgVehicle_Diesel,Diesel,1,2040,1.0
ISRAEL,TRA_AgVehicle_Diesel,Diesel,1,2041,1.0
ISRAEL,TRA_AgVehicle_Diesel,Diesel,1,2042,1.0
ISRAEL,TRA_AgVehicle_Diesel,Diesel,1,2043,1.0
ISRAEL,TRA_AgVehicle_Diesel,Diesel,1,2044,1.0
ISRAEL,TRA_AgVehicle_Diesel,Diesel,1,2045,1.0
ISRAEL,TRA_AgVehicle_Diesel,Diesel,1,2046,1.0
ISRAEL,TRA_AgVehicle_Diesel,Diesel,1,2047,1.0
ISRAEL,TRA_AgVehicle_Diesel,Diesel,1,2048,1.0
ISRAEL,TRA_AgVehicle_Diesel,Diesel,1,2049,1.0
ISRAEL,TRA_AgVehicle_Diesel,Diesel,1,2050,1.0
ISRAEL,TRA_AgVehicle_Electric,Electricity,1,2015,1.0
ISRAEL,TRA_AgVehicle_Electric,Electricity,1,2016,1.0
ISRAEL,TRA_AgVehicle_Electric,Electricity,1,2017,1.0
ISRAEL,TRA_AgVehicle_Electric,Electricity,1,2018,1.0
ISRAEL,TRA_AgVehicle_Electric,Electricity,1,2019,1.0
ISRAEL,TRA_AgVehicle_Electric,Electricity,1,2020,1.0
ISRAEL,TRA_AgVehicle_Electric,Electricity,1,2021,1.0
ISRAEL,TRA_AgVehicle_Electric,Electricity,1,2022,1.0
ISRAEL,TRA_AgVehicle_Electric,Electricity,1,2023,1.0
ISRAEL,TRA_AgVehicle_Electric,Electricity,1,2024,1.0
ISRAEL,TRA_AgVehicle_Electric,Electricity,1,2025,1.0
ISRAEL,TRA_AgVehicle_Electric,Electricity,1,2026,1.0
ISRAEL,TRA_AgVehicle_Electric,Electricity,1,2027,1.0
ISRAEL,TRA_AgVehicle_Electric,Electricity,1,2028,1.0
ISRAEL,TRA_AgVehicle_Electric,Electricity,1,2029,1.0
ISRAEL,TRA_AgVehicle_Electric,Electricity,1,2030,1.0
ISRAEL,TRA_AgVehicle_Electric,Electricity,1,2031,1.0
ISRAEL,TRA_AgVehicle_Electric,Electricity,1,2032,1.0
ISRAEL,TRA_AgVehicle_Electric,Electricity,1,2033,1.0
ISRAEL,TRA_AgVehicle_Electric,Electricity,1,2034,1.0
ISRAEL,TRA_AgVehicle_Electric,Electricity,1,2035,1.0
ISRAEL,TRA_AgVehicle_Electric,Electricity,1,2036,1.0
ISRAEL,TRA_AgVehicle_Electric,Electricity,1,2037,1.0
ISRAEL,TRA_AgVehicle_Electric,Electricity,1,2038,1.0
ISRAEL,TRA_AgVehicle_Electric,Electricity,1,2039,1.0
ISRAEL,TRA_AgVehicle_Electric,Electricity,1,2040,1.0
ISRAEL,TRA_AgVehicle_Electric,Electricity,1,2041,1.0
ISRAEL,TRA_AgVehicle_Electric,Electricity,1,2042,1.0
ISRAEL,TRA_AgVehicle_Electric,Electricity,1,2043,1.0
ISRAEL,TRA_AgVehicle_Electric,Electricity,1,2044,1.0
ISRAEL,TRA_AgVehicle_Electric,Electricity,1,2045,1.0
ISRAEL,TRA_AgVehicle_Electric,Electricity,1,2046,1.0
ISRAEL,TRA_AgVehicle_Electric,Electricity,1,2047,1.0
ISRAEL,TRA_AgVehicle_Electric,Electricity,1,2048,1.0
ISRAEL,TRA_AgVehicle_Electric,Electricity,1,2049,1.0
ISRAEL,TRA_AgVehicle_Electric,Electricity,1,2050,1.0
ISRAEL,TRA_HeavyEquip_Diesel,Diesel,1,2015,1.0
ISRAEL,TRA_HeavyEquip_Diesel,Diesel,1,2016,1.0
ISRAEL,TRA_HeavyEquip_Diesel,Diesel,1,2017,1.0
ISRAEL,TRA_HeavyEquip_Diesel,Diesel,1,2018,1.0
ISRAEL,TRA_HeavyEquip_Diesel,Diesel,1,2019,1.0
ISRAEL,TRA_HeavyEquip_Diesel,Diesel,1,2020,1.0
ISRAEL,TRA_HeavyEquip_Diesel,Diesel,1,2021,1.0
ISRAEL,TRA_HeavyEquip_Diesel,Diesel,1,2022,1.0
ISRAEL,TRA_HeavyEquip_Diesel,Diesel,1,2023,1.0
ISRAEL,TRA_HeavyEquip_Diesel,Diesel,1,2024,1.0
ISRAEL,TRA_HeavyEquip_Diesel,Diesel,1,2025,1.0
ISRAEL,TRA_HeavyEquip_Diesel,Diesel,1,2026,1.0
ISRAEL,TRA_HeavyEquip_Diesel,Diesel,1,2027,1.0
ISRAEL,TRA_HeavyEquip_Diesel,Diesel,1,2028,1.0
ISRAEL,TRA_HeavyEquip_Diesel,Diesel,1,2029,1.0
ISRAEL,TRA_HeavyEquip_Diesel,Diesel,1,2030,1.0
ISRAEL,TRA_HeavyEquip_Diesel,Diesel,1,2031,1.0
ISRAEL,TRA_HeavyEquip_Diesel,Diesel,1,2032,1.0
ISRAEL,TRA_HeavyEquip_Diesel,Diesel,1,2033,1.0
ISRAEL,TRA_HeavyEquip_Diesel,Diesel,1,2034,1.0
ISRAEL,TRA_HeavyEquip_Diesel,Diesel,1,2035,1.0
ISRAEL,TRA_HeavyEquip_Diesel,Diesel,1,2036,1.0
ISRAEL,TRA_HeavyEquip_Diesel,Diesel,1,2037,1.0
ISRAEL,TRA_HeavyEquip_Diesel,Diesel,1,2038,1.0
ISRAEL,TRA_HeavyEquip_Diesel,Diesel,1,2039,1.0
ISRAEL,TRA_HeavyEquip_Diesel,Diesel,1,2040,1.0
ISRAEL,TRA_HeavyEquip_Diesel,Diesel,1,2041,1.0
ISRAEL,TRA_HeavyEquip_Diesel,Diesel,1,2042,1.0
ISRAEL,TRA_HeavyEquip_Diesel,Diesel,1,2043,1.0
ISRAEL,TRA_HeavyEquip_Diesel,Diesel,1,2044,1.0
ISRAEL,TRA_HeavyEquip_Diesel,Diesel,1,2045,1.0
ISRAEL,TRA_HeavyEquip_Diesel,Diesel,1,2046,1.0
ISRAEL,TRA_HeavyEquip_Diesel,Diesel,1,2047,1.0
ISRAEL,TRA_HeavyEquip_Diesel,Diesel,1,2048,1.0
ISRAEL,TRA_HeavyEquip_Diesel,Diesel,1,2049,1.0
ISRAEL,TRA_HeavyEquip_Diesel,Diesel,1,2050,1.0
ISRAEL,TRA_HeavyEquip_Electric,Electricity,1,2015,1.0
ISRAEL,TRA_HeavyEquip_Electric,Electricity,1,2016,1.0
ISRAEL,TRA_HeavyEquip_Electric,Electricity,1,2017,1.0
ISRAEL,TRA_HeavyEquip_Electric,Electricity,1,2018,1.0
ISRAEL,TRA_HeavyEquip_Electric,Electricity,1,2019,1.0
ISRAEL,TRA_HeavyEquip_Electric,Electricity,1,2020,1.0
ISRAEL,TRA_HeavyEquip_Electric,Electricity,1,2021,1.0
ISRAEL,TRA_HeavyEquip_Electric,Electricity,1,2022,1.0
ISRAEL,TRA_HeavyEquip_Electric,Electricity,1,2023,1.0
ISRAEL,TRA_HeavyEquip_Electric,Electricity,1,2024,1.0
ISRAEL,TRA_HeavyEquip_Electric,Electricity,1,2025,1.0
ISRAEL,TRA_HeavyEquip_Electric,Electricity,1,2026,1.0
ISRAEL,TRA_HeavyEquip_Electric,Electricity,1,2027,1.0
ISRAEL,TRA_HeavyEquip_Electric,Electricity,1,2028,1.0
ISRAEL,TRA_HeavyEquip_Electric,Electricity,1,2029,1.0
ISRAEL,TRA_HeavyEquip_Electric,Electricity,1,2030,1.0
ISRAEL,TRA_HeavyEquip_Electric,Electricity,1,2031,1.0
ISRAEL,TRA_HeavyEquip_Electric,Electricity,1,2032,1.0
ISRAEL,TRA_HeavyEquip_Electric,Electricity,1,2033,1.0
ISRAEL,TRA_HeavyEquip_Electric,Electricity,1,2034,1.0
ISRAEL,TRA_HeavyEquip_Electric,Electricity,1,2035,1.0
ISRAEL,TRA_HeavyEquip_Electric,Electricity,1,2036,1.0
ISRAEL,TRA_HeavyEquip_Electric,Electricity,1,2037,1.0
ISRAEL,TRA_HeavyEquip_Electric,Electricity,1,2038,1.0
ISRAEL,TRA_HeavyEquip_Electric,Electricity,1,2039,1.0
ISRAEL,TRA_HeavyEquip_Electric,Electricity,1,2040,1.0
ISRAEL,TRA_HeavyEquip_Electric,Electricity,1,2041,1.0
ISRAEL,TRA_HeavyEquip_Electric,Electricity,1,2042,1.0
ISRAEL,TRA_HeavyEquip_Electric,Electricity,1,2043,1.0
ISRAEL,TRA_HeavyEquip_Electric,Electricity,1,2044,1.0
ISRAEL,TRA_HeavyEquip_Electric,Electricity,1,2045,1.0
ISRAEL,TRA_HeavyEquip_Electric,Electricity,1,2046,1.0
ISRAEL,TRA_HeavyEquip_Electric,Electricity,1,2047,1.0
ISRAEL,TRA_HeavyEquip_Electric,Electricity,1,2048,1.0
ISRAEL,TRA_HeavyEquip_Electric,Electricity,1,2049,1.0
ISRAEL,TRA_HeavyEquip_Electric,Electricity,1,2050,1.0
ISRAEL,HC_HeatPump_AC_Electric,Electricity,1,2015,1.0
ISRAEL,HC_HeatPump_AC_Electric,Electricity,1,2016,1.0
ISRAEL,HC_HeatPump_AC_Electric,Electricity,1,2017,1.0
ISRAEL,HC_HeatPump_AC_Electric,Electricity,1,2018,1.0
ISRAEL,HC_HeatPump_AC_Electric,Electricity,1,2019,1.0
ISRAEL,HC_HeatPump_AC_Electric,Electricity,1,2020,1.0
ISRAEL,HC_HeatPump_AC_Electric,Electricity,1,2021,1.0
ISRAEL,HC_HeatPump_AC_Electric,Electricity,1,2022,1.0
ISRAEL,HC_HeatPump_AC_Electric,Electricity,1,2023,1.0
ISRAEL,HC_HeatPump_AC_Electric,Electricity,1,2024,1.0
ISRAEL,HC_HeatPump_AC_Electric,Electricity,1,2025,1.0
ISRAEL,HC_HeatPump_AC_Electric,Electricity,1,2026,1.0
ISRAEL,HC_HeatPump_AC_Electric,Electricity,1,2027,1.0
ISRAEL,HC_HeatPump_AC_Electric,Electricity,1,2028,1.0
ISRAEL,HC_HeatPump_AC_Electric,Electricity,1,2029,1.0
ISRAEL,HC_HeatPump_AC_Electric,Electricity,1,2030,1.0
ISRAEL,HC_HeatPump_AC_Electric,Electricity,1,2031,1.0
ISRAEL,HC_HeatPump_AC_Electric,Electricity,1,2032,1.0
ISRAEL,HC_HeatPump_AC_Electric,Electricity,1,2033,1.0
ISRAEL,HC_HeatPump_AC_Electric,Electricity,1,2034,1.0
ISRAEL,HC_HeatPump_AC_Electric,Electricity,1,2035,1.0
ISRAEL,HC_HeatPump_AC_Electric,Electricity,1,2036,1.0
ISRAEL,HC_HeatPump_AC_Electric,Electricity,1,2037,1.0
ISRAEL,HC_HeatPump_AC_Electric,Electricity,1,2038,1.0
ISRAEL,HC_HeatPump_AC_Electric,Electricity,1,2039,1.0
ISRAEL,HC_HeatPump_AC_Electric,Electricity,1,2040,1.0
ISRAEL,HC_HeatPump_AC_Electric,Electricity,1,2041,1.0
ISRAEL,HC_HeatPump_AC_Electric,Electricity,1,2042,1.0
ISRAEL,HC_HeatPump_AC_Electric,Electricity,1,2043,1.0
ISRAEL,HC_HeatPump_AC_Electric,Electricity,1,2044,1.0
ISRAEL,HC_HeatPump_AC_Electric,Electricity,1,2045,1.0
ISRAEL,HC_HeatPump_AC_Electric,Electricity,1,2046,1.0
ISRAEL,HC_HeatPump_AC_Electric,Electricity,1,2047,1.0
ISRAEL,HC_HeatPump_AC_Electric,Electricity,1,2048,1.0
ISRAEL,HC_HeatPump_AC_Electric,Electricity,1,2049,1.0
ISRAEL,HC_HeatPump_AC_Electric,Electricity,1,2050,1.0
ISRAEL,HC_GasBoiler,NaturalGas,1,2015,1.1
ISRAEL,HC_GasBoiler,NaturalGas,1,2016,1.1
ISRAEL,HC_GasBoiler,NaturalGas,1,2017,1.1
ISRAEL,HC_GasBoiler,NaturalGas,1,2018,1.1
ISRAEL,HC_GasBoiler,NaturalGas,1,2019,1.1
ISRAEL,HC_GasBoiler,NaturalGas,1,2020,1.1
ISRAEL,HC_GasBoiler,NaturalGas,1,2021,1.1
ISRAEL,HC_GasBoiler,NaturalGas,1,2022,1.1
ISRAEL,HC_GasBoiler,NaturalGas,1,2023,1.1
ISRAEL,HC_GasBoiler,NaturalGas,1,2024,1.1
ISRAEL,HC_GasBoiler,NaturalGas,1,2025,1.1
ISRAEL,HC_GasBoiler,NaturalGas,1,2026,1.1
ISRAEL,HC_GasBoiler,NaturalGas,1,2027,1.1
ISRAEL,HC_GasBoiler,NaturalGas,1,2028,1.1
ISRAEL,HC_GasBoiler,NaturalGas,1,2029,1.1
ISRAEL,HC_GasBoiler,NaturalGas,1,2030,1.1
ISRAEL,HC_GasBoiler,NaturalGas,1,2031,1.1
ISRAEL,HC_GasBoiler,NaturalGas,1,2032,1.1
ISRAEL,HC_GasBoiler,NaturalGas,1,2033,1.1
ISRAEL,HC_GasBoiler,NaturalGas,1,2034,1.1
ISRAEL,HC_GasBoiler,NaturalGas,1,2035,1.1
ISRAEL,HC_GasBoiler,NaturalGas,1,2036,1.1
ISRAEL,HC_GasBoiler,NaturalGas,1,2037,1.1
ISRAEL,HC_GasBoiler,NaturalGas,1,2038,1.1
ISRAEL,HC_GasBoiler,NaturalGas,1,2039,1.1
ISRAEL,HC_GasBoiler,NaturalGas,1,2040,1.1
ISRAEL,HC_GasBoiler,NaturalGas,1,2041,1.1
ISRAEL,HC_GasBoiler,NaturalGas,1,2042,1.1
ISRAEL,HC_GasBoiler,NaturalGas,1,2043,1.1
ISRAEL,HC_GasBoiler,NaturalGas,1,2044,1.1
ISRAEL,HC_GasBoiler,NaturalGas,1,2045,1.1
ISRAEL,HC_GasBoiler,NaturalGas,1,2046,1.1
ISRAEL,HC_GasBoiler,NaturalGas,1,2047,1.1
ISRAEL,HC_GasBoiler,NaturalGas,1,2048,1.1
ISRAEL,HC_GasBoiler,NaturalGas,1,2049,1.1
ISRAEL,HC_GasBoiler,NaturalGas,1,2050,1.1
ISRAEL,HC_SolarWaterHeater,SolarRadiation,1,2015,1.0
ISRAEL,HC_SolarWaterHeater,SolarRadiation,1,2016,1.0
ISRAEL,HC_SolarWaterHeater,SolarRadiation,1,2017,1.0
ISRAEL,HC_SolarWaterHeater,SolarRadiation,1,2018,1.0
ISRAEL,HC_SolarWaterHeater,SolarRadiation,1,2019,1.0
ISRAEL,HC_SolarWaterHeater,SolarRadiation,1,2020,1.0
ISRAEL,HC_SolarWaterHeater,SolarRadiation,1,2021,1.0
ISRAEL,HC_SolarWaterHeater,SolarRadiation,1,2022,1.0
ISRAEL,HC_SolarWaterHeater,SolarRadiation,1,2023,1.0
ISRAEL,HC_SolarWaterHeater,SolarRadiation,1,2024,1.0
ISRAEL,HC_SolarWaterHeater,SolarRadiation,1,2025,1.0
ISRAEL,HC_SolarWaterHeater,SolarRadiation,1,2026,1.0
ISRAEL,HC_SolarWaterHeater,SolarRadiation,1,2027,1.0
ISRAEL,HC_SolarWaterHeater,SolarRadiation,1,2028,1.0
ISRAEL,HC_SolarWaterHeater,SolarRadiation,1,2029,1.0
ISRAEL,HC_SolarWaterHeater,SolarRadiation,1,2030,1.0
ISRAEL,HC_SolarWaterHeater,SolarRadiation,1,2031,1.0
ISRAEL,HC_SolarWaterHeater,SolarRadiation,1,2032,1.0
ISRAEL,HC_SolarWaterHeater,SolarRadiation,1,2033,1.0
ISRAEL,HC_SolarWaterHeater,SolarRadiation,1,2034,1.0
ISRAEL,HC_SolarWaterHeater,SolarRadiation,1,2035,1.0
ISRAEL,HC_SolarWaterHeater,SolarRadiation,1,2036,1.0
ISRAEL,HC_SolarWaterHeater,SolarRadiation,1,2037,1.0
ISRAEL,HC_SolarWaterHeater,SolarRadiation,1,2038,1.0
ISRAEL,HC_SolarWaterHeater,SolarRadiation,1,2039,1.0
ISRAEL,HC_SolarWaterHeater,SolarRadiation,1,2040,1.0
ISRAEL,HC_SolarWaterHeater,SolarRadiation,1,2041,1.0
ISRAEL,HC_SolarWaterHeater,SolarRadiation,1,2042,1.0
ISRAEL,HC_SolarWaterHeater,SolarRadiation,1,2043,1.0
ISRAEL,HC_SolarWaterHeater,SolarRadiation,1,2044,1.0
ISRAEL,HC_SolarWaterHeater,SolarRadiation,1,2045,1.0
ISRAEL,HC_SolarWaterHeater,SolarRadiation,1,2046,1.0
ISRAEL,HC_SolarWaterHeater,SolarRadiation,1,2047,1.0
ISRAEL,HC_SolarWaterHeater,SolarRadiation,1,2048,1.0
ISRAEL,HC_SolarWaterHeater,SolarRadiation,1,2049,1.0
ISRAEL,HC_SolarWaterHeater,SolarRadiation,1,2050,1.0
ISRAEL,HC_SolarWaterHeater,Electricity,1,2015,0.1
ISRAEL,HC_SolarWaterHeater,Electricity,1,2016,0.1
ISRAEL,HC_SolarWaterHeater,Electricity,1,2017,0.1
ISRAEL,HC_SolarWaterHeater,Electricity,1,2018,0.1
ISRAEL,HC_SolarWaterHeater,Electricity,1,2019,0.1
ISRAEL,HC_SolarWaterHeater,Electricity,1,2020,0.1
ISRAEL,HC_SolarWaterHeater,Electricity,1,2021,0.1
ISRAEL,HC_SolarWaterHeater,Electricity,1,2022,0.1
ISRAEL,HC_SolarWaterHeater,Electricity,1,2023,0.1
ISRAEL,HC_SolarWaterHeater,Electricity,1,2024,0.1
ISRAEL,HC_SolarWaterHeater,Electricity,1,2025,0.1
ISRAEL,HC_SolarWaterHeater,Electricity,1,2026,0.1
ISRAEL,HC_SolarWaterHeater,Electricity,1,2027,0.1
ISRAEL,HC_SolarWaterHeater,Electricity,1,2028,0.1
ISRAEL,HC_SolarWaterHeater,Electricity,1,2029,0.1
ISRAEL,HC_SolarWaterHeater,Electricity,1,2030,0.1
ISRAEL,HC_SolarWaterHeater,Electricity,1,2031,0.1
ISRAEL,HC_SolarWaterHeater,Electricity,1,2032,0.1
ISRAEL,HC_SolarWaterHeater,Electricity,1,2033,0.1
ISRAEL,HC_SolarWaterHeater,Electricity,1,2034,0.1
ISRAEL,HC_SolarWaterHeater,Electricity,1,2035,0.1
ISRAEL,HC_SolarWaterHeater,Electricity,1,2036,0.1
ISRAEL,HC_SolarWaterHeater,Electricity,1,2037,0.1
ISRAEL,HC_SolarWaterHeater,Electricity,1,2038,0.1
ISRAEL,HC_SolarWaterHeater,Electricity,1,2039,0.1
ISRAEL,HC_SolarWaterHeater,Electricity,1,2040,0.1
ISRAEL,HC_SolarWaterHeater,Electricity,1,2041,0.1
ISRAEL,HC_SolarWaterHeater,Electricity,1,2042,0.1
ISRAEL,HC_SolarWaterHeater,Electricity,1,2043,0.1
ISRAEL,HC_SolarWaterHeater,Electricity,1,2044,0.1
ISRAEL,HC_SolarWaterHeater,Electricity,1,2045,0.1
ISRAEL,HC_SolarWaterHeater,Electricity,1,2046,0.1
ISRAEL,HC_SolarWaterHeater,Electricity,1,2047,0.1
ISRAEL,HC_SolarWaterHeater,Electricity,1,2048,0.1
ISRAEL,HC_SolarWaterHeater,Electricity,1,2049,0.1
ISRAEL,HC_SolarWaterHeater,Electricity,1,2050,0.1
ISRAEL,HC_DistrictCooling,Electricity,1,2015,1.2
ISRAEL,HC_DistrictCooling,Electricity,1,2016,1.2
ISRAEL,HC_DistrictCooling,Electricity,1,2017,1.2
ISRAEL,HC_DistrictCooling,Electricity,1,2018,1.2
ISRAEL,HC_DistrictCooling,Electricity,1,2019,1.2
ISRAEL,HC_DistrictCooling,Electricity,1,2020,1.2
ISRAEL,HC_DistrictCooling,Electricity,1,2021,1.2
ISRAEL,HC_DistrictCooling,Electricity,1,2022,1.2
ISRAEL,HC_DistrictCooling,Electricity,1,2023,1.2
ISRAEL,HC_DistrictCooling,Electricity,1,2024,1.2
ISRAEL,HC_DistrictCooling,Electricity,1,2025,1.2
ISRAEL,HC_DistrictCooling,Electricity,1,2026,1.2
ISRAEL,HC_DistrictCooling,Electricity,1,2027,1.2
ISRAEL,HC_DistrictCooling,Electricity,1,2028,1.2
ISRAEL,HC_DistrictCooling,Electricity,1,2029,1.2
ISRAEL,HC_DistrictCooling,Electricity,1,2030,1.2
ISRAEL,HC_DistrictCooling,Electricity,1,2031,1.2
ISRAEL,HC_DistrictCooling,Electricity,1,2032,1.2
ISRAEL,HC_DistrictCooling,Electricity,1,2033,1.2
ISRAEL,HC_DistrictCooling,Electricity,1,2034,1.2
ISRAEL,HC_DistrictCooling,Electricity,1,2035,1.2
ISRAEL,HC_DistrictCooling,Electricity,1,2036,1.2
ISRAEL,HC_DistrictCooling,Electricity,1,2037,1.2
ISRAEL,HC_DistrictCooling,Electricity,1,2038,1.2
ISRAEL,HC_DistrictCooling,Electricity,1,2039,1.2
ISRAEL,HC_DistrictCooling,Electricity,1,2040,1.2
ISRAEL,HC_DistrictCooling,Electricity,1,2041,1.2
ISRAEL,HC_DistrictCooling,Electricity,1,2042,1.2
ISRAEL,HC_DistrictCooling,Electricity,1,2043,1.2
ISRAEL,HC_DistrictCooling,Electricity,1,2044,1.2
ISRAEL,HC_DistrictCooling,Electricity,1,2045,1.2
ISRAEL,HC_DistrictCooling,Electricity,1,2046,1.2
ISRAEL,HC_DistrictCooling,Electricity,1,2047,1.2
ISRAEL,HC_DistrictCooling,Electricity,1,2048,1.2
ISRAEL,HC_DistrictCooling,Electricity,1,2049,1.2
ISRAEL,HC_DistrictCooling,Electricity,1,2050,1.2
